naca8304,0.4,1.5,0.5,0.6,2.5,5,-0.49690295672545104,0.08258458786825723
naca8304,0.4,1.5,0.5,0.6,2.5,15,-0.9211855430029782,0.000660521832487303
naca8304,0.4,1.5,0.5,0.6,2.5,25,-1.3284616018366575,-0.13192887706957815
naca8304,0.4,1.5,0.5,0.6,3.5,5,-0.9317872009670846,0.06405278523766886
naca8304,0.4,1.5,0.5,0.6,3.5,15,-1.7078977424811925,-0.07887938267474613
naca8304,0.4,1.5,0.5,0.6,3.5,25,-2.4572351635061427,-0.31146760548227986
naca8304,0.4,1.5,0.5,0.6,4.5,5,-1.4962839447321923,0.033984355735499655
naca8304,0.4,4.5,0.5,0.8,2.5,25,-0.5506179973171591,-0.0005999659364711599
goe225,0.4,4.5,0.5,0.8,2.5,25,-0.5562315285989896,-0.00139774401052475
goe225,0.4,4.5,0.5,0.6,2.5,25,-0.5846034797510085,0.024403629014262507
goe225,0.3,3,0.3,0.85,3,30,-0.6161820835587367,-0.054544094576631494
naca8304,0.3,1.25,0.3,0.65,3,10,-0.5383736427902831,-0.014228486000708845
naca8304,0.3,1.25,0.3,0.65,3,20,-0.8604329253620027,-0.09224517853384376
naca8304,0.3,1.25,0.3,0.65,3,30,-1.1793622418982923,-0.2125504290483383
naca8304,0.3,1.25,0.3,0.65,4,10,-0.9371308130833261,-0.04803041143372448
naca8304,0.3,1.25,0.3,0.65,4,20,-1.49560063505234,-0.1817999306801617
naca8304,0.3,1.25,0.3,0.65,4,30,-2.051276560402873,-0.38823460797282944
naca8304,0.3,1.25,0.3,0.65,5,10,-1.4551731420235081,-0.09198801677804423
naca8304,0.3,1.25,0.3,0.65,5,20,-2.3185649953745453,-0.29734416973885197
naca8304,0.3,1.25,0.3,0.65,5,30,-3.1807430754779116,-0.6149410836782646
naca8304,0.3,1.25,0.3,0.75,3,10,-0.5341877497881444,-0.02119012517981352
naca8304,0.3,1.25,0.3,0.75,3,20,-0.8521270456853531,-0.09751290825259827
naca8304,0.3,1.25,0.3,0.75,3,30,-1.1680419101599466,-0.21553707233713162
naca8304,0.3,1.25,0.3,0.75,4,10,-0.9313397713530489,-0.055624906718013754
naca8304,0.3,1.25,0.3,0.75,4,20,-1.4854220478490519,-0.1878153571421557
naca8304,0.3,1.25,0.3,0.75,4,30,-2.03785742879384,-0.3919240599974253
naca8304,0.3,1.25,0.3,0.75,5,10,-1.4464741746978909,-0.10019490733699207
naca8304,0.3,1.25,0.3,0.75,5,20,-2.3050301128788058,-0.30410560864841824
naca8304,0.3,1.25,0.3,0.75,5,30,-3.1633227830576085,-0.6192191770353399
naca8304,0.3,1.25,0.3,0.85,3,10,-0.5283087158149617,-0.026271786356274418
naca8304,0.3,1.25,0.3,0.85,3,20,-0.8429440362798875,-0.10161579396881437
naca8304,0.3,1.25,0.3,0.85,3,30,-1.1559967232803823,-0.2179626497900924
naca8304,0.3,1.25,0.3,0.85,4,10,-0.9274815989621643,-0.06084482566777291
naca8304,0.3,1.25,0.3,0.85,4,20,-1.4786449828065826,-0.19199682948059335
naca8304,0.3,1.25,0.3,0.85,4,30,-2.0289980983740388,-0.3945661906713744
naca8304,0.3,1.25,0.3,0.85,5,10,-1.4408679931658472,-0.10579389294105399
naca8304,0.3,1.25,0.3,0.85,5,20,-2.2962895943695596,-0.3087427590572876
naca8304,0.3,1.25,0.3,0.85,5,30,-3.1521661557928558,-0.6222206120648781
naca8304,0.3,1.25,0.4,0.65,3,10,-0.568778312851952,-0.018698132321541015
naca8304,0.3,1.25,0.4,0.65,3,20,-0.902073810531462,-0.10417347071484974
naca8304,0.3,1.25,0.4,0.65,3,30,-1.2273912290194418,-0.23448363827335986
naca8304,0.3,1.25,0.4,0.65,4,10,-0.9903728018139707,-0.05619582325497472
naca8304,0.3,1.25,0.4,0.65,4,20,-1.568824614337047,-0.2026208892183622
naca8304,0.3,1.25,0.4,0.65,4,30,-2.1358793116820793,-0.42607913573868006
naca8304,0.3,1.25,0.4,0.65,5,10,-1.5325814069913986,-0.1054285120130348
naca8304,0.3,1.25,0.4,0.65,5,20,-2.426313457141257,-0.33026848131761405
naca8304,0.3,1.25,0.4,0.65,5,30,-3.3047209081582114,-0.6735604162258513
naca8304,0.3,1.25,0.4,0.75,3,10,-0.5626589931786913,-0.025867402409711932
naca8304,0.3,1.25,0.4,0.75,3,20,-0.8915429938819138,-0.10953165107556284
naca8304,0.3,1.25,0.4,0.75,3,30,-1.2133596458316271,-0.2372290640778477
naca8304,0.3,1.25,0.4,0.75,4,10,-0.9860447965809298,-0.06374267361455051
naca8304,0.3,1.25,0.4,0.75,4,20,-1.5603523191603772,-0.2083493345828884
naca8304,0.3,1.25,0.4,0.75,4,30,-2.1246041688030055,-0.4293670735704248
naca8304,0.3,1.25,0.4,0.75,5,10,-1.5257887320273382,-0.11355259864927801
naca8304,0.3,1.25,0.4,0.75,5,20,-2.4150317016233767,-0.3366692008571577
naca8304,0.3,1.25,0.4,0.75,5,30,-3.2901480289373684,-0.6773645312367417
naca8304,0.3,1.25,0.4,0.85,3,10,-0.5586130805588325,-0.03083950722736334
naca8304,0.3,1.25,0.4,0.85,3,20,-0.8845323464251321,-0.11331644982900126
naca8304,0.3,1.25,0.4,0.85,3,30,-1.204063382281097,-0.23929302627205287
naca8304,0.3,1.25,0.4,0.85,4,10,-0.9796237263765747,-0.06922705485822878
naca8304,0.3,1.25,0.4,0.85,4,20,-1.550631165393631,-0.21272057013299234
naca8304,0.3,1.25,0.4,0.85,4,30,-2.112125907657243,-0.4318534415838017
naca8304,0.3,1.25,0.4,0.85,5,10,-1.5213014904499402,-0.11909354752079479
naca8304,0.3,1.25,0.4,0.85,5,20,-2.407612326232513,-0.34105972865110307
naca8304,0.3,1.25,0.4,0.85,5,30,-3.2806702002194537,-0.680025114479634
naca8304,0.3,1.9,0.3,0.65,3,10,-0.4118225472558313,0.0017537933535385188
naca8304,0.3,1.9,0.3,0.65,3,20,-0.6532734203406526,-0.042695260605446476
naca8304,0.3,1.9,0.3,0.65,3,30,-0.8873213327489444,-0.10934861973642883
naca8304,0.3,1.9,0.3,0.65,4,10,-0.7176319451355092,-0.017956656481619686
naca8304,0.3,1.9,0.3,0.65,4,20,-1.137136662240359,-0.09466959728381698
naca8304,0.3,1.9,0.3,0.65,4,30,-1.5451039013836891,-0.20942868472784895
naca8304,0.3,1.9,0.3,0.65,5,10,-1.111087884070874,-0.04410744582948527
naca8304,0.3,1.9,0.3,0.65,5,20,-1.7596758207834549,-0.1623514656785975
naca8304,0.3,1.9,0.3,0.65,5,30,-2.3916706278465596,-0.33902164414630975
naca8304,0.3,1.9,0.3,0.75,3,10,-0.4074342520886494,-0.004864915614374101
naca8304,0.3,1.9,0.3,0.75,3,20,-0.6457735492389463,-0.04854056927628974
naca8304,0.3,1.9,0.3,0.75,3,30,-0.8772310840188386,-0.11398004077213104
naca8304,0.3,1.9,0.3,0.75,4,10,-0.7141254621154223,-0.024880188662914027
naca8304,0.3,1.9,0.3,0.75,4,20,-1.1306539603464745,-0.10078376696117841
naca8304,0.3,1.9,0.3,0.75,4,30,-1.536375330948792,-0.21434844270818293
naca8304,0.3,1.9,0.3,0.75,5,10,-1.1084999456785136,-0.051178904300128565
naca8304,0.3,1.9,0.3,0.75,5,20,-1.7542280486962898,-0.16856487089032154
naca8304,0.3,1.9,0.3,0.75,5,30,-2.3842712189272826,-0.3440431839686057
naca8304,0.3,1.9,0.3,0.85,3,10,-0.4044988646074715,-0.009420050406179142
naca8304,0.3,1.9,0.3,0.85,3,20,-0.6407667312538831,-0.052589414792203644
naca8304,0.3,1.9,0.3,0.85,3,30,-0.8705391505893078,-0.11722690723998312
naca8304,0.3,1.9,0.3,0.85,4,10,-0.710164274127556,-0.02982143195016375
naca8304,0.3,1.9,0.3,0.85,4,20,-1.1245623992543032,-0.10531864896156258
naca8304,0.3,1.9,0.3,0.85,4,30,-1.5285048242105383,-0.21810895824511922
naca8304,0.3,1.9,0.3,0.85,5,10,-1.1050851843186875,-0.05622130697757622
naca8304,0.3,1.9,0.3,0.85,5,20,-1.7487818304612806,-0.1731739334866678
naca8304,0.3,1.9,0.3,0.85,5,30,-2.3772487420688284,-0.34788155680937366
naca8304,0.3,1.9,0.4,0.65,3,10,-0.43629422630074527,-0.0005703284872472131
naca8304,0.3,1.9,0.4,0.65,3,20,-0.6898003255296361,-0.05017954763581384
naca8304,0.3,1.9,0.4,0.65,3,30,-0.9332971700429005,-0.12388564744089157
naca8304,0.3,1.9,0.4,0.65,4,10,-0.7624785507527897,-0.022407953921183443
naca8304,0.3,1.9,0.4,0.65,4,20,-1.2031978781145063,-0.10762444223905543
naca8304,0.3,1.9,0.4,0.65,4,30,-1.6280489420393407,-0.23424872818854167
naca8304,0.3,1.9,0.4,0.65,5,10,-1.1787849894196585,-0.05170502889055598
naca8304,0.3,1.9,0.4,0.65,5,20,-1.8600046009370643,-0.1829861479850321
naca8304,0.3,1.9,0.4,0.65,5,30,-2.517749961392277,-0.3777093751934265
naca8304,0.3,1.9,0.4,0.75,3,10,-0.4304138522653093,-0.007487259121093972
naca8304,0.3,1.9,0.4,0.75,3,20,-0.6805216708229993,-0.05625104241147506
naca8304,0.3,1.9,0.4,0.75,3,30,-0.9210457581965351,-0.1285318921983873
naca8304,0.3,1.9,0.4,0.75,4,10,-0.7566430226099047,-0.02976187404538954
naca8304,0.3,1.9,0.4,0.75,4,20,-1.1940275457737146,-0.11415429431815144
naca8304,0.3,1.9,0.4,0.75,4,30,-1.6160920761707624,-0.23937773759357087
naca8304,0.3,1.9,0.4,0.75,5,10,-1.1760085372099365,-0.058998897461023915
naca8304,0.3,1.9,0.4,0.75,5,20,-1.8542312038857165,-0.18926412004722568
naca8304,0.3,1.9,0.4,0.75,5,30,-2.5099214274822543,-0.38260197043392674
naca8304,0.3,1.9,0.4,0.85,3,10,-0.4282967286063825,-0.012064854770964207
naca8304,0.3,1.9,0.4,0.85,3,20,-0.6763544888426861,-0.060137227705426496
naca8304,0.3,1.9,0.4,0.85,3,30,-0.9153316705750841,-0.13147071010356068
naca8304,0.3,1.9,0.4,0.85,4,10,-0.7546234899197379,-0.03458760805922783
naca8304,0.3,1.9,0.4,0.85,4,20,-1.189978030987767,-0.11830870746664658
naca8304,0.3,1.9,0.4,0.85,4,30,-1.610602667137015,-0.24260499177951556
naca8304,0.3,1.9,0.4,0.85,5,10,-1.1723125249130846,-0.06420611228511852
naca8304,0.3,1.9,0.4,0.85,5,20,-1.848414382589153,-0.19393145368887524
naca8304,0.3,1.9,0.4,0.85,5,30,-2.5024498032959115,-0.3863528671193828
naca8304,0.3,3,0.3,0.65,3,10,-0.2903368674141323,0.00977763848463492
naca8304,0.3,3,0.3,0.65,3,20,-0.4590116043679547,-0.012702997697410501
naca8304,0.3,3,0.3,0.65,3,30,-0.6195048762047384,-0.04562707764409503
naca8304,0.3,3,0.3,0.65,4,10,-0.5094914701699412,-3.180287672192145e-06
naca8304,0.3,3,0.3,0.65,4,20,-0.8032659100892419,-0.03858971405096974
naca8304,0.3,3,0.3,0.65,4,30,-1.0836101074438813,-0.09506563604801482
naca8304,0.3,3,0.3,0.65,5,10,-0.789905885494798,-0.013277001414291677
naca8304,0.3,3,0.3,0.65,5,20,-1.244513269417344,-0.07276557513244701
naca8304,0.3,3,0.3,0.65,5,30,-1.6789227231824686,-0.15962992876863874
naca8304,0.3,3,0.3,0.75,3,10,-0.288106316824676,0.004262475163877409
naca8304,0.3,3,0.3,0.75,3,20,-0.4548015451954185,-0.017773651411028435
naca8304,0.3,3,0.3,0.75,3,30,-0.6136548421248403,-0.050032762563652945
naca8304,0.3,3,0.3,0.75,4,10,-0.5065558822555161,-0.0058682529951641985
naca8304,0.3,3,0.3,0.75,4,20,-0.7983328386824514,-0.044108866981566755
naca8304,0.3,3,0.3,0.75,4,30,-1.0770083093442795,-0.09997386054838957
naca8304,0.3,3,0.3,0.75,5,10,-0.7874670754359099,-0.019237619429122502
naca8304,0.3,3,0.3,0.75,5,20,-1.2401310672057198,-0.07833701192945028
naca8304,0.3,3,0.3,0.75,5,30,-1.6730001482286565,-0.16456516395337067
naca8304,0.3,3,0.3,0.85,3,10,-0.2866082861536788,0.0004936862060154876
naca8304,0.3,3,0.3,0.85,3,20,-0.45198386369832105,-0.02125446388567036
naca8304,0.3,3,0.3,0.85,3,30,-0.6097601717349552,-0.05307552414798198
naca8304,0.3,3,0.3,0.85,4,10,-0.5046445015186114,-0.009856538580024015
naca8304,0.3,3,0.3,0.85,4,20,-0.7951074877061943,-0.047866695637669605
naca8304,0.3,3,0.3,0.85,4,30,-1.0727054136115093,-0.1033241384660786
naca8304,0.3,3,0.3,0.85,5,10,-0.7858374164745932,-0.023276752274197846
naca8304,0.3,3,0.3,0.85,5,20,-1.2372130416801088,-0.08211860603331285
naca8304,0.3,3,0.3,0.85,5,30,-1.6690736842686613,-0.16792059168614287
naca8304,0.3,3,0.4,0.65,3,10,-0.3099598252038989,0.009400304621504308
naca8304,0.3,3,0.4,0.65,3,20,-0.4889570161953862,-0.01581148776107492
naca8304,0.3,3,0.4,0.65,3,30,-0.6584900019706618,-0.052550168841452444
naca8304,0.3,3,0.4,0.65,4,10,-0.5430692008206603,-0.0015776499881713685
naca8304,0.3,3,0.4,0.65,4,20,-0.8545757408544735,-0.044782151608331947
naca8304,0.3,3,0.4,0.65,4,30,-1.1504121063278065,-0.10766767849094568
naca8304,0.3,3,0.4,0.65,5,10,-0.8413317119851601,-0.016468462877016497
naca8304,0.3,3,0.4,0.65,5,20,-1.32320775046201,-0.08300209218866852
naca8304,0.3,3,0.4,0.65,5,30,-1.7814122299662725,-0.17960849188293587
naca8304,0.3,3,0.4,0.75,3,10,-0.3073769427508528,0.003612303366194357
naca8304,0.3,3,0.4,0.75,3,20,-0.48420009492703964,-0.02107193198423137
naca8304,0.3,3,0.4,0.75,3,30,-0.6519166220047359,-0.0570226078165503
naca8304,0.3,3,0.4,0.75,4,10,-0.5394143845351476,-0.007798381944806962
naca8304,0.3,3,0.4,0.75,4,20,-0.8487148282555692,-0.05060716717028644
naca8304,0.3,3,0.4,0.75,4,30,-1.142662401386896,-0.11277236713946993
naca8304,0.3,3,0.4,0.75,5,10,-0.8389774732868305,-0.022690024077555947
naca8304,0.3,3,0.4,0.75,5,20,-1.3187375338373764,-0.08870320362212589
naca8304,0.3,3,0.4,0.75,5,30,-1.7752904002826493,-0.18452624449093824
naca8304,0.3,3,0.4,0.85,3,10,-0.30564085224721527,-0.00034889631367386093
naca8304,0.3,3,0.4,0.85,3,20,-0.48101501955877957,-0.024689216537660614
naca8304,0.3,3,0.4,0.85,3,30,-0.6475382141261492,-0.06011945974107674
naca8304,0.3,3,0.4,0.85,4,10,-0.5378597340817871,-0.01191021883570423
naca8304,0.3,3,0.4,0.85,4,20,-0.845745239590472,-0.054367464047406
naca8304,0.3,3,0.4,0.85,4,30,-1.1385814929413647,-0.11600872756728957
naca8304,0.3,3,0.4,0.85,5,10,-0.8366006532847194,-0.02704623829128702
naca8304,0.3,3,0.4,0.85,5,20,-1.314951106224292,-0.09280463595240197
naca8304,0.3,3,0.4,0.85,5,30,-1.7703422310137,-0.18815212099674375
naca8304,0.35,1.25,0.3,0.65,3,10,-0.7468410987031504,-0.005690637301757986
naca8304,0.35,1.25,0.3,0.65,3,20,-1.1943014885289425,-0.11499268361495617
naca8304,0.35,1.25,0.3,0.65,3,30,-1.6362447332375492,-0.2835889062441545
naca8304,0.35,1.25,0.3,0.65,4,10,-1.2870684531543908,-0.0508901438183882
naca8304,0.35,1.25,0.3,0.65,4,20,-2.0559295976300906,-0.23615862703529147
naca8304,0.35,1.25,0.3,0.65,4,30,-2.8189665942071778,-0.5218156117627555
naca8304,0.35,1.25,0.3,0.65,5,10,-1.9914375462656775,-0.11002816362158267
naca8304,0.35,1.25,0.3,0.65,5,20,-3.175250150767478,-0.3926396145051452
naca8304,0.35,1.25,0.3,0.65,5,30,-4.354948117123304,-0.8294528915467039
naca8304,0.35,1.25,0.3,0.75,3,10,-0.7352636115134696,-0.018394686798272015
naca8304,0.35,1.25,0.3,0.75,3,20,-1.1744728765750858,-0.1247117579057961
naca8304,0.35,1.25,0.3,0.75,3,30,-1.6095195083525393,-0.2888555122166155
naca8304,0.35,1.25,0.3,0.75,4,10,-1.2762954740442254,-0.0644680565504331
naca8304,0.35,1.25,0.3,0.75,4,20,-2.0370027632733705,-0.2467507511907487
naca8304,0.35,1.25,0.3,0.75,4,30,-2.793777429174669,-0.5280383299165631
naca8304,0.35,1.25,0.3,0.75,5,10,-1.9796779223297132,-0.12440876358624874
naca8304,0.35,1.25,0.3,0.75,5,20,-3.1551562456090165,-0.40417723046907617
naca8304,0.35,1.25,0.3,0.75,5,30,-4.328618016376657,-0.8366530945789451
naca8304,0.35,1.25,0.3,0.85,3,10,-0.7274679322296085,-0.02719025740484922
naca8304,0.35,1.25,0.3,0.85,3,20,-1.1611171698760168,-0.1315335364516566
naca8304,0.35,1.25,0.3,0.85,3,30,-1.5916421087050983,-0.2927176998966686
naca8304,0.35,1.25,0.3,0.85,4,10,-1.2691217401294754,-0.07383161283567401
naca8304,0.35,1.25,0.3,0.85,4,20,-2.0243938183818733,-0.2541545139283425
naca8304,0.35,1.25,0.3,0.85,4,30,-2.7771344624581933,-0.532557779204283
naca8304,0.35,1.25,0.3,0.85,5,10,-1.9717844926393169,-0.13427439645591904
naca8304,0.35,1.25,0.3,0.85,5,20,-3.1417118792365053,-0.4121636623594014
naca8304,0.35,1.25,0.3,0.85,5,30,-4.3111427843746695,-0.8417516891409099
naca8304,0.35,1.25,0.4,0.65,3,10,-0.7839226510731256,-0.012107999822921824
naca8304,0.35,1.25,0.4,0.65,3,20,-1.2457917783114467,-0.13226554781018757
naca8304,0.35,1.25,0.4,0.65,3,30,-1.6949523641228073,-0.3147795517674174
naca8304,0.35,1.25,0.4,0.65,4,10,-1.3653407984678407,-0.06135295975520682
naca8304,0.35,1.25,0.4,0.65,4,20,-2.1623507149579133,-0.2639848931871239
naca8304,0.35,1.25,0.4,0.65,4,30,-2.9424599914876186,-0.5735969189856153
naca8304,0.35,1.25,0.4,0.65,5,10,-2.1020258396758003,-0.12774147361937602
naca8304,0.35,1.25,0.4,0.65,5,20,-3.3278509936027287,-0.43716189656109666
naca8304,0.35,1.25,0.4,0.65,5,30,-4.530944563162361,-0.9097954141367326
naca8304,0.35,1.25,0.4,0.75,3,10,-0.7768296550985888,-0.024396471561028466
naca8304,0.35,1.25,0.4,0.75,3,20,-1.2313927066491592,-0.14085091702212538
naca8304,0.35,1.25,0.4,0.75,3,30,-1.6752207747452077,-0.3186344652041083
naca8304,0.35,1.25,0.4,0.75,4,10,-1.3491268120751527,-0.07554633386417886
naca8304,0.35,1.25,0.4,0.75,4,20,-2.1370836105815716,-0.2750685790902732
naca8304,0.35,1.25,0.4,0.75,4,30,-2.9094367790922333,-0.5795805392533238
naca8304,0.35,1.25,0.4,0.75,5,10,-2.0852908725102277,-0.14268620551821304
naca8304,0.35,1.25,0.4,0.75,5,20,-3.302078327293391,-0.4489969161007132
naca8304,0.35,1.25,0.4,0.75,5,30,-4.497667210822854,-0.9164884955307713
naca8304,0.35,1.25,0.4,0.85,3,10,-0.7666189639473965,-0.03350712548147113
naca8304,0.35,1.25,0.4,0.85,3,20,-1.2152301190787471,-0.14787485642678294
naca8304,0.35,1.25,0.4,0.85,3,30,-1.6538963354901923,-0.32229939087020165
naca8304,0.35,1.25,0.4,0.85,4,10,-1.338461599872986,-0.0852879007074782
naca8304,0.35,1.25,0.4,0.85,4,20,-2.1204577993074634,-0.28269689178257146
naca8304,0.35,1.25,0.4,0.85,4,30,-2.887865227390872,-0.5837916379535403
naca8304,0.35,1.25,0.4,0.85,5,10,-2.080694838420342,-0.15235989064740352
naca8304,0.35,1.25,0.4,0.85,5,20,-3.2924919132103136,-0.45643113616876707
naca8304,0.35,1.25,0.4,0.85,5,30,-4.4850292009429165,-0.9209822824945775
naca8304,0.35,1.9,0.3,0.65,3,10,-0.5657417619911916,0.014688483493018751
naca8304,0.35,1.9,0.3,0.65,3,20,-0.8999394573339223,-0.047647256547800595
naca8304,0.35,1.9,0.3,0.65,3,30,-1.2227695518749848,-0.140791490443355
naca8304,0.35,1.9,0.3,0.65,4,10,-0.9863926488057411,-0.010783400307179036
naca8304,0.35,1.9,0.3,0.65,4,20,-1.563355578459359,-0.11650887504949184
naca8304,0.35,1.9,0.3,0.65,4,30,-2.1234869209597758,-0.27489738060626145
naca8304,0.35,1.9,0.3,0.65,5,10,-1.5217286883162093,-0.04573350177956007
naca8304,0.35,1.9,0.3,0.65,5,20,-2.410231569711042,-0.2078868017921949
naca8304,0.35,1.9,0.3,0.65,5,30,-3.2747869911447514,-0.4504007588359307
naca8304,0.35,1.9,0.3,0.75,3,10,-0.5608685370527694,0.003201744198655874
naca8304,0.35,1.9,0.3,0.75,3,20,-0.8897262740768964,-0.057350143741199545
naca8304,0.35,1.9,0.3,0.75,3,30,-1.2083825087535476,-0.14813075501563677
naca8304,0.35,1.9,0.3,0.75,4,10,-0.9757356594774562,-0.0236986813762089
naca8304,0.35,1.9,0.3,0.75,4,20,-1.5466751775445726,-0.12821785176190778
naca8304,0.35,1.9,0.3,0.75,4,30,-2.1015909192001354,-0.28440834856933417
naca8304,0.35,1.9,0.3,0.75,5,10,-1.5135016868543376,-0.05893876702519343
naca8304,0.35,1.9,0.3,0.75,5,20,-2.3963361103079723,-0.21974237719791903
naca8304,0.35,1.9,0.3,0.75,5,30,-3.2564393782930283,-0.46007349432808026
naca8304,0.35,1.9,0.3,0.85,3,10,-0.5546877398046518,-0.005034416575824952
naca8304,0.35,1.9,0.3,0.85,3,20,-0.8796093021175105,-0.06468474381762054
naca8304,0.35,1.9,0.3,0.85,3,30,-1.1948887767693184,-0.1539669755803926
naca8304,0.35,1.9,0.3,0.85,4,10,-0.9717191454392702,-0.032206125388982314
naca8304,0.35,1.9,0.3,0.85,4,20,-1.5390222954936357,-0.13569282034978086
naca8304,0.35,1.9,0.3,0.85,4,30,-2.0912283471575903,-0.29039849162914594
naca8304,0.35,1.9,0.3,0.85,5,10,-1.5080669269504066,-0.06795760131415508
naca8304,0.35,1.9,0.3,0.85,5,20,-2.3871690538650774,-0.22787065812902596
naca8304,0.35,1.9,0.3,0.85,5,30,-3.2444186652262395,-0.46675301509392914
naca8304,0.35,1.9,0.4,0.65,3,10,-0.6020155896877964,0.0119856502699751
naca8304,0.35,1.9,0.4,0.65,3,20,-0.9534228836142629,-0.05761979293253416
naca8304,0.35,1.9,0.4,0.65,3,30,-1.289994149496636,-0.1608876085809906
naca8304,0.35,1.9,0.4,0.65,4,10,-1.0425368822489143,-0.017252139333885242
naca8304,0.35,1.9,0.4,0.65,4,20,-1.6484048217501923,-0.1355476053342281
naca8304,0.35,1.9,0.4,0.65,4,30,-2.230753568309912,-0.31079779594214074
naca8304,0.35,1.9,0.4,0.65,5,10,-1.6151626738961682,-0.05594291746325727
naca8304,0.35,1.9,0.4,0.65,5,20,-2.5489869894229074,-0.23653405650433312
naca8304,0.35,1.9,0.4,0.65,5,30,-3.4492054637473317,-0.504474371141761
naca8304,0.35,1.9,0.4,0.75,3,10,-0.5945191560271845,-1.9003572764513187e-05
naca8304,0.35,1.9,0.4,0.75,3,20,-0.9400374130861441,-0.06774867568691013
naca8304,0.35,1.9,0.4,0.75,3,30,-1.271722616988976,-0.16831506131948684
naca8304,0.35,1.9,0.4,0.75,4,10,-1.0373532971517427,-0.02988124199245771
naca8304,0.35,1.9,0.4,0.75,4,20,-1.637604612872082,-0.14621173914388905
naca8304,0.35,1.9,0.4,0.75,4,30,-2.2157940224229042,-0.31883534612591546
naca8304,0.35,1.9,0.4,0.75,5,10,-1.606908816876151,-0.06947392449277566
naca8304,0.35,1.9,0.4,0.75,5,20,-2.534856698952266,-0.24836834295573618
naca8304,0.35,1.9,0.4,0.75,5,30,-3.4305187761855325,-0.5137220174905658
naca8304,0.35,1.9,0.4,0.85,3,10,-0.589525609243096,-0.008319330742688327
naca8304,0.35,1.9,0.4,0.85,3,20,-0.9310962938443692,-0.07482780553060032
naca8304,0.35,1.9,0.4,0.85,3,30,-1.2595759057190097,-0.17362033439668245
naca8304,0.35,1.9,0.4,0.85,4,10,-1.0305201090389466,-0.03891787102586992
naca8304,0.35,1.9,0.4,0.85,4,20,-1.6266901594391197,-0.1541928405461011
naca8304,0.35,1.9,0.4,0.85,4,30,-2.2015058663288376,-0.3250759235198492
naca8304,0.35,1.9,0.4,0.85,5,10,-1.601465222699245,-0.07872741326845709
naca8304,0.35,1.9,0.4,0.85,5,20,-2.52553553515607,-0.25650084618688207
naca8304,0.35,1.9,0.4,0.85,5,30,-3.418268270775242,-0.5201387533004457
naca8304,0.35,3,0.3,0.65,3,10,-0.40121966321559577,0.023993139047994376
naca8304,0.35,3,0.3,0.65,3,20,-0.6352565961655859,-0.007523016497644032
naca8304,0.35,3,0.3,0.65,3,30,-0.8576318734020699,-0.05379389125169774
naca8304,0.35,3,0.3,0.65,4,10,-0.6983135676766733,0.01095280552005562
naca8304,0.35,3,0.3,0.65,4,20,-1.1027897290204662,-0.042705769390728045
naca8304,0.35,3,0.3,0.65,4,30,-1.4882135416908016,-0.12121608558020835
naca8304,0.35,3,0.3,0.65,5,10,-1.0828331314035435,-0.006511516931990036
naca8304,0.35,3,0.3,0.65,5,20,-1.7067095747848429,-0.08845946128806216
naca8304,0.35,3,0.3,0.65,5,30,-2.3024557206656002,-0.20835273700325432
naca8304,0.35,3,0.3,0.75,3,10,-0.3975282670874151,0.014095265706237831
naca8304,0.35,3,0.3,0.75,3,20,-0.6279075738484075,-0.016522643989422593
naca8304,0.35,3,0.3,0.75,3,30,-0.8472350710903281,-0.06151379552180232
naca8304,0.35,3,0.3,0.75,4,10,-0.6951390057809649,0.0006280740593784514
naca8304,0.35,3,0.3,0.75,4,20,-1.0960176559267876,-0.05212272458510626
naca8304,0.35,3,0.3,0.75,4,30,-1.4786041201928866,-0.12936044984289286
naca8304,0.35,3,0.3,0.75,5,10,-1.0779056468406978,-0.017412632717286252
naca8304,0.35,3,0.3,0.75,5,20,-1.6981141153891552,-0.09866775283058406
naca8304,0.35,3,0.3,0.75,5,30,-2.2908689317251403,-0.2173990076179889
naca8304,0.35,3,0.3,0.85,3,10,-0.3936549868843217,0.00715634630344993
naca8304,0.35,3,0.3,0.85,3,20,-0.6214918872441801,-0.023030134324087178
naca8304,0.35,3,0.3,0.85,3,30,-0.8386004049722239,-0.06725730087435473
naca8304,0.35,3,0.3,0.85,4,10,-0.6915650690654227,-0.006608735464291458
naca8304,0.35,3,0.3,0.85,4,20,-1.0899651337036713,-0.058920943218779984
naca8304,0.35,3,0.3,0.85,4,30,-1.470484266599135,-0.1353953761594745
naca8304,0.35,3,0.3,0.85,5,10,-1.0746369897886014,-0.024819171138479944
naca8304,0.35,3,0.3,0.85,5,20,-1.6924184951646404,-0.10561673242594984
naca8304,0.35,3,0.3,0.85,5,30,-2.2832231411051493,-0.22357236344515044
naca8304,0.35,3,0.4,0.65,3,10,-0.4289850304783211,0.023918797693633503
naca8304,0.35,3,0.4,0.65,3,20,-0.6778043467378443,-0.011642474759735027
naca8304,0.35,3,0.4,0.65,3,30,-0.9130961311949629,-0.06353894996269178
naca8304,0.35,3,0.4,0.65,4,10,-0.7459025188362108,0.009317964381973553
naca8304,0.35,3,0.4,0.65,4,20,-1.1755466083529316,-0.05098690294521128
naca8304,0.35,3,0.4,0.65,4,30,-1.5829556919526826,-0.1387301604610921
naca8304,0.35,3,0.4,0.65,5,10,-1.153671613040792,-0.010612386315873237
naca8304,0.35,3,0.4,0.65,5,20,-1.8159391468486497,-0.10279847903746227
naca8304,0.35,3,0.4,0.65,5,30,-2.445011121166532,-0.23669791815150976
naca8304,0.35,3,0.4,0.75,3,10,-0.42313823151790597,0.01337229690383765
naca8304,0.35,3,0.4,0.75,3,20,-0.6678238356908367,-0.021288823830656386
naca8304,0.35,3,0.4,0.75,3,30,-0.8994997231260887,-0.07174581018440995
naca8304,0.35,3,0.4,0.75,4,10,-0.7419296077007339,-0.0015815149380348885
naca8304,0.35,3,0.4,0.75,4,20,-1.1676015566140336,-0.06083879566036178
naca8304,0.35,3,0.4,0.75,4,30,-1.5718229560112313,-0.14708987921977995
naca8304,0.35,3,0.4,0.75,5,10,-1.1496563327224096,-0.02189185223832208
naca8304,0.35,3,0.4,0.75,5,20,-1.8079913218570278,-0.11305885555829895
naca8304,0.35,3,0.4,0.75,5,30,-2.4339853323014857,-0.245480055566843
naca8304,0.35,3,0.4,0.85,3,10,-0.4207699401282237,0.006314212152468895
naca8304,0.35,3,0.4,0.85,3,20,-0.6628155588298044,-0.02759913505219522
naca8304,0.35,3,0.4,0.85,3,30,-0.8923630621835922,-0.0770314676196636
naca8304,0.35,3,0.4,0.85,4,10,-0.7376773859687611,-0.00923414261083411
naca8304,0.35,3,0.4,0.85,4,20,-1.1606182631895365,-0.06796514180197304
naca8304,0.35,3,0.4,0.85,4,30,-1.5625256676096206,-0.1533021382143295
naca8304,0.35,3,0.4,0.85,5,10,-1.145426496154259,-0.029800567033759866
naca8304,0.35,3,0.4,0.85,5,20,-1.8010962644130484,-0.1204590295032432
naca8304,0.35,3,0.4,0.85,5,30,-2.424882338329746,-0.2519772407584616
naca8304,0.4,1.25,0.3,0.65,3,10,-0.9905891740042206,0.011671673356988146
naca8304,0.4,1.25,0.3,0.65,3,20,-1.587346034283539,-0.13637299774079062
naca8304,0.4,1.25,0.3,0.65,3,30,-2.174598653061003,-0.3638400762575179
naca8304,0.4,1.25,0.3,0.65,4,10,-1.701779672653586,-0.04500114138884763
naca8304,0.4,1.25,0.3,0.65,4,20,-2.7198076130667066,-0.2916398881558082
naca8304,0.4,1.25,0.3,0.65,4,30,-3.7279578261129442,-0.6719746145881618
naca8304,0.4,1.25,0.3,0.65,5,10,-2.61708942023355,-0.1215779298239997
naca8304,0.4,1.25,0.3,0.65,5,20,-4.176210761036866,-0.49547801523155655
naca8304,0.4,1.25,0.3,0.65,5,30,-5.726543132960008,-1.0728951366148674
naca8304,0.4,1.25,0.3,0.75,3,10,-0.9700822182806371,-0.009156930030377675
naca8304,0.4,1.25,0.3,0.75,3,20,-1.5528877734698834,-0.15198124608952396
naca8304,0.4,1.25,0.3,0.75,3,30,-2.128088930998864,-0.3716692915184167
naca8304,0.4,1.25,0.3,0.75,4,10,-1.688550159919746,-0.06700381556628823
naca8304,0.4,1.25,0.3,0.75,4,20,-2.6935576777827817,-0.30828903600127033
naca8304,0.4,1.25,0.3,0.75,4,30,-3.692182569491024,-0.6814150778812702
naca8304,0.4,1.25,0.3,0.75,5,10,-2.5992905705318847,-0.1452187607604895
naca8304,0.4,1.25,0.3,0.75,5,20,-4.144553404364151,-0.5141137018244705
naca8304,0.4,1.25,0.3,0.75,5,30,-5.684551703844541,-1.0842099927146422
naca8304,0.4,1.25,0.3,0.85,3,10,-0.9563892108810365,-0.023598963758611757
naca8304,0.4,1.25,0.3,0.85,3,20,-1.5297580351773792,-0.1629454989474954
naca8304,0.4,1.25,0.3,0.85,3,30,-2.097025582522789,-0.37744688053260866
naca8304,0.4,1.25,0.3,0.85,4,10,-1.669968552630465,-0.08306496182574158
naca8304,0.4,1.25,0.3,0.85,4,20,-2.664534569851013,-0.32125696129264314
naca8304,0.4,1.25,0.3,0.85,4,30,-3.654115040603367,-0.6890824479499437
naca8304,0.4,1.25,0.3,0.85,5,10,-2.587163364393153,-0.1614785614218019
naca8304,0.4,1.25,0.3,0.85,5,20,-4.123167835885233,-0.5270766603385584
naca8304,0.4,1.25,0.3,0.85,5,30,-5.656471595688872,-1.0922990543335964
naca8304,0.4,1.25,0.4,0.65,3,10,-1.0417526638104662,0.0038717363949630633
naca8304,0.4,1.25,0.4,0.65,3,20,-1.6578134076939566,-0.15866227179605427
naca8304,0.4,1.25,0.4,0.65,3,30,-2.255196638843217,-0.4049827829065489
naca8304,0.4,1.25,0.4,0.65,4,10,-1.797854790034523,-0.05912742683372791
naca8304,0.4,1.25,0.4,0.65,4,20,-2.8513810400109727,-0.32933641590733104
naca8304,0.4,1.25,0.4,0.65,4,30,-3.879706193524942,-0.7412872571698392
naca8304,0.4,1.25,0.4,0.65,5,10,-2.7529392634379555,-0.1451855664518055
naca8304,0.4,1.25,0.4,0.65,5,20,-4.3654495764332895,-0.5549915255382103
naca8304,0.4,1.25,0.4,0.65,5,30,-5.943802726627273,-1.1792675772361814
naca8304,0.4,1.25,0.4,0.75,3,10,-1.028174826393709,-0.016366963137728473
naca8304,0.4,1.25,0.4,0.75,3,20,-1.6317379789388704,-0.1724895051144463
naca8304,0.4,1.25,0.4,0.75,3,30,-2.2195096036440103,-0.4105109998093132
naca8304,0.4,1.25,0.4,0.75,4,10,-1.7785142049234581,-0.08178622733142552
naca8304,0.4,1.25,0.4,0.75,4,20,-2.818098938436549,-0.3462715290479002
naca8304,0.4,1.25,0.4,0.75,4,30,-3.8353622667769445,-0.7499658870051256
naca8304,0.4,1.25,0.4,0.75,5,10,-2.7431376143625483,-0.16841284334773335
naca8304,0.4,1.25,0.4,0.75,5,20,-4.343195190874308,-0.5722975307437679
naca8304,0.4,1.25,0.4,0.75,5,30,-5.9136099491908265,-1.189087019901564
naca8304,0.4,1.25,0.4,0.85,3,10,-1.010457889619548,-0.03141596901874233
naca8304,0.4,1.25,0.4,0.85,3,20,-1.6038823624129825,-0.18400339937152282
naca8304,0.4,1.25,0.4,0.85,3,30,-2.182614586851694,-0.41628513319317223
naca8304,0.4,1.25,0.4,0.85,4,10,-1.7657268177529737,-0.09750100062460215
naca8304,0.4,1.25,0.4,0.85,4,20,-2.795942623436469,-0.35823420717329685
naca8304,0.4,1.25,0.4,0.85,4,30,-3.805984168130817,-0.7564907484641622
naca8304,0.4,1.25,0.4,0.85,5,10,-2.7254955904779243,-0.18532159808378315
naca8304,0.4,1.25,0.4,0.85,5,20,-4.3154854133200775,-0.5856135445479028
naca8304,0.4,1.25,0.4,0.85,5,30,-5.877758148317265,-1.196639505683373
naca8304,0.4,1.9,0.3,0.65,3,10,-0.756646237934622,0.037774284824245274
naca8304,0.4,1.9,0.3,0.65,3,20,-1.2038286169364,-0.04612492271161606
naca8304,0.4,1.9,0.3,0.65,3,30,-1.6353458800666003,-0.1720113475833828
naca8304,0.4,1.9,0.3,0.65,4,10,-1.3025647499514155,0.005144468438042558
naca8304,0.4,1.9,0.3,0.65,4,20,-2.0670060352373505,-0.13603157327544177
naca8304,0.4,1.9,0.3,0.65,4,30,-2.8078311322086336,-0.34754638659557757
naca8304,0.4,1.9,0.3,0.65,5,10,-2.0043975359401003,-0.03963081946332104
naca8304,0.4,1.9,0.3,0.65,5,20,-3.1767404174752443,-0.25466531108531804
naca8304,0.4,1.9,0.3,0.65,5,30,-4.316069956424758,-0.5764929995468429
naca8304,0.4,1.9,0.3,0.75,3,10,-0.7430078433618302,0.018233123206436677
naca8304,0.4,1.9,0.3,0.75,3,20,-1.1804096836906182,-0.06308468978214186
naca8304,0.4,1.9,0.3,0.75,3,30,-1.6034127914688552,-0.1850067313856044
naca8304,0.4,1.9,0.3,0.75,4,10,-1.288845345796244,-0.015780664833148845
naca8304,0.4,1.9,0.3,0.75,4,20,-2.043462964212339,-0.1544763392498125
naca8304,0.4,1.9,0.3,0.75,4,30,-2.776133804350993,-0.36212865648174364
naca8304,0.4,1.9,0.3,0.75,5,10,-1.9907594622020308,-0.061564742369531786
naca8304,0.4,1.9,0.3,0.75,5,20,-3.15337738368488,-0.2742001758790617
naca8304,0.4,1.9,0.3,0.75,5,30,-4.2849535207738985,-0.5922419838900239
naca8304,0.4,1.9,0.3,0.85,3,10,-0.7338451721359274,0.004738020382011257
naca8304,0.4,1.9,0.3,0.85,3,20,-1.164677029252701,-0.07488439398451636
naca8304,0.4,1.9,0.3,0.85,3,30,-1.5820825801028215,-0.19418771496209755
naca8304,0.4,1.9,0.3,0.85,4,10,-1.2797014583193462,-0.030180955863727064
naca8304,0.4,1.9,0.3,0.85,4,20,-2.0277863106484055,-0.16725253630489179
naca8304,0.4,1.9,0.3,0.85,4,30,-2.755163595164575,-0.3723552682277818
naca8304,0.4,1.9,0.3,0.85,5,10,-1.9817256484210488,-0.07659774188645606
naca8304,0.4,1.9,0.3,0.85,5,20,-3.1378969668799552,-0.2876600262896227
naca8304,0.4,1.9,0.3,0.85,5,30,-4.26445766880863,-0.603200090426038
naca8304,0.4,1.9,0.4,0.65,3,10,-0.8008759349868638,0.03452472668612589
naca8304,0.4,1.9,0.4,0.65,3,20,-1.2699169197396984,-0.05926065423142716
naca8304,0.4,1.9,0.4,0.65,3,30,-1.718579728570248,-0.19862379753819154
naca8304,0.4,1.9,0.4,0.65,4,10,-1.3791752274755638,-0.00206681501929638
naca8304,0.4,1.9,0.4,0.65,4,20,-2.181099738640561,-0.15925961041908784
naca8304,0.4,1.9,0.4,0.65,4,30,-2.9513445287741997,-0.3927145491445396
naca8304,0.4,1.9,0.4,0.65,5,10,-2.1226831100893744,-0.05204597729602604
naca8304,0.4,1.9,0.4,0.65,5,20,-3.352637112200307,-0.2909191929519438
naca8304,0.4,1.9,0.4,0.65,5,30,-4.537215388036439,-0.645524272472779
naca8304,0.4,1.9,0.4,0.75,3,10,-0.7837596389553076,0.014240399253047044
naca8304,0.4,1.9,0.4,0.75,3,20,-1.2422150587300773,-0.07673758359110774
naca8304,0.4,1.9,0.4,0.75,3,30,-1.6813761359954438,-0.21154755806133588
naca8304,0.4,1.9,0.4,0.75,4,10,-1.3674301032329066,-0.023219126846695554
naca8304,0.4,1.9,0.4,0.75,4,20,-2.1594079394410906,-0.17721353904657033
naca8304,0.4,1.9,0.4,0.75,4,30,-2.921739417383777,-0.40613541121918084
naca8304,0.4,1.9,0.4,0.75,5,10,-2.110121509287917,-0.07435892935944685
naca8304,0.4,1.9,0.4,0.75,5,20,-3.3301138747220937,-0.310185163919116
naca8304,0.4,1.9,0.4,0.75,5,30,-4.5069817813571245,-0.6603419114321275
naca8304,0.4,1.9,0.4,0.85,3,10,-0.777343864452032,0.0007746805264450243
naca8304,0.4,1.9,0.4,0.85,3,20,-1.2293529937053322,-0.08786677863397645
naca8304,0.4,1.9,0.4,0.85,3,30,-1.6634292506735213,-0.21956073640054055
naca8304,0.4,1.9,0.4,0.85,4,10,-1.3540731176784648,-0.03838665757525149
naca8304,0.4,1.9,0.4,0.85,4,20,-2.1387985258127546,-0.19068672797593098
naca8304,0.4,1.9,0.4,0.85,4,30,-2.894804308109231,-0.41662233405033766
naca8304,0.4,1.9,0.4,0.85,5,10,-2.1017081577953665,-0.08967508698072879
naca8304,0.4,1.9,0.4,0.85,5,20,-3.3150637771856184,-0.32350557657534706
naca8304,0.4,1.9,0.4,0.85,5,30,-4.486905517027362,-0.6707201459043777
naca8304,0.4,3,0.3,0.65,3,10,-0.5300846619271774,0.04705448803717544
naca8304,0.4,3,0.3,0.65,3,20,-0.8407386223806068,0.00486551381202688
naca8304,0.4,3,0.3,0.65,3,30,-1.1354038437078535,-0.05716475779439964
naca8304,0.4,3,0.3,0.65,4,10,-0.9179811511261772,0.031133827742220628
naca8304,0.4,3,0.3,0.65,4,20,-1.4505598213382365,-0.03959041167423335
naca8304,0.4,3,0.3,0.65,4,30,-1.9573839123637202,-0.1433044782597256
naca8304,0.4,3,0.3,0.65,5,10,-1.4167526865940905,0.008829024607128788
naca8304,0.4,3,0.3,0.65,5,20,-2.2347518880866555,-0.09875145022151847
naca8304,0.4,3,0.3,0.65,5,30,-3.0148216230362883,-0.25621039015814157
naca8304,0.4,3,0.3,0.75,3,10,-0.5220096989913294,0.030425575673751874
naca8304,0.4,3,0.3,0.75,3,20,-0.8263153601763953,-0.010394019377943623
naca8304,0.4,3,0.3,0.75,3,30,-1.11542592819739,-0.07030916234585112
naca8304,0.4,3,0.3,0.75,4,10,-0.9107866512909456,0.01370521032639625
naca8304,0.4,3,0.3,0.75,4,20,-1.437098238144732,-0.05563655384182067
naca8304,0.4,3,0.3,0.75,4,30,-1.9387130179268806,-0.15726295435930465
naca8304,0.4,3,0.3,0.75,5,10,-1.407587277890914,-0.009514250795173759
naca8304,0.4,3,0.3,0.75,5,20,-2.2192687166506073,-0.11598034761208499
naca8304,0.4,3,0.3,0.75,5,30,-2.9940324917010623,-0.2714999258412037
naca8304,0.4,3,0.3,0.85,3,10,-0.5166290761958363,0.01902161626183517
naca8304,0.4,3,0.3,0.85,3,20,-0.8166919649091338,-0.02090705667673487
naca8304,0.4,3,0.3,0.85,3,30,-1.1021528433649195,-0.07943416384111322
naca8304,0.4,3,0.3,0.85,4,10,-0.9036749548757023,0.0014867396345335836
naca8304,0.4,3,0.3,0.85,4,20,-1.4256739227664155,-0.06720354282603089
naca8304,0.4,3,0.3,0.85,4,30,-1.9235372014363135,-0.16757998962323917
naca8304,0.4,3,0.3,0.85,5,10,-1.4038431825066533,-0.021652209198977597
naca8304,0.4,3,0.3,0.85,5,20,-2.2114542776101445,-0.1271278033746962
naca8304,0.4,3,0.3,0.85,5,30,-2.9830773683212493,-0.2812189601939491
naca8304,0.4,3,0.4,0.65,3,10,-0.5652703334450103,0.047663429243988906
naca8304,0.4,3,0.4,0.65,3,20,-0.894820747096069,0.00020184457311746225
naca8304,0.4,3,0.4,0.65,3,30,-1.2060024367346918,-0.06915418648758351
naca8304,0.4,3,0.4,0.65,4,10,-0.9792956228655223,0.030068444262039303
naca8304,0.4,3,0.4,0.65,4,20,-1.5437894534634242,-0.04899116573982067
naca8304,0.4,3,0.4,0.65,4,30,-2.0786415603728923,-0.16442072662781743
naca8304,0.4,3,0.4,0.65,5,10,-1.506984350650469,0.004864229584310671
naca8304,0.4,3,0.4,0.65,5,20,-2.373287667075937,-0.11547204280533667
naca8304,0.4,3,0.4,0.65,5,30,-3.1954546109633073,-0.2905184599552256
naca8304,0.4,3,0.4,0.75,3,10,-0.5570401202589992,0.03038970526426597
naca8304,0.4,3,0.4,0.75,3,20,-0.87972893745406,-0.01534144757475496
naca8304,0.4,3,0.4,0.75,3,30,-1.1849712334534959,-0.08214813847497904
naca8304,0.4,3,0.4,0.75,4,10,-0.9677059503477876,0.011399629953544085
naca8304,0.4,3,0.4,0.75,4,20,-1.5250987668730966,-0.06636346383874873
naca8304,0.4,3,0.4,0.75,4,30,-2.0536825681707502,-0.17948692997323262
naca8304,0.4,3,0.4,0.75,5,10,-1.4994551727786936,-0.01402976841657216
naca8304,0.4,3,0.4,0.75,5,20,-2.3590053103657187,-0.13270065325518451
naca8304,0.4,3,0.4,0.75,5,30,-3.1757291191581065,-0.30527918526168096
naca8304,0.4,3,0.4,0.85,3,10,-0.5515073059115994,0.01852581253377578
naca8304,0.4,3,0.4,0.85,3,20,-0.8695960110310977,-0.026082836875399452
naca8304,0.4,3,0.4,0.85,3,30,-1.1709151705097613,-0.09121768780213727
naca8304,0.4,3,0.4,0.85,4,10,-0.9627120006831028,-0.0010474795071227806
naca8304,0.4,3,0.4,0.85,4,20,-1.51558593057612,-0.07767934353089444
naca8304,0.4,3,0.4,0.85,4,30,-2.040496595836402,-0.18914279572274775
naca8304,0.4,3,0.4,0.85,5,10,-1.4918273138669598,-0.0272849663879834
naca8304,0.4,3,0.4,0.85,5,20,-2.3467734433618674,-0.14513043230092548
naca8304,0.4,3,0.4,0.85,5,30,-3.159588086210514,-0.31620064314184704
goe225,0.3,1.25,0.3,0.65,3,10,-0.5510716057123383,-0.016726540176684266
goe225,0.3,1.25,0.3,0.65,3,20,-0.8736612750941845,-0.09622520792686794
goe225,0.3,1.25,0.3,0.65,3,30,-1.1934342262504325,-0.21822101204471497
goe225,0.3,1.25,0.3,0.65,4,10,-0.9593455350905357,-0.0524683171710674
goe225,0.3,1.25,0.3,0.65,4,20,-1.5187781460505623,-0.1888911464618703
goe225,0.3,1.25,0.3,0.65,4,30,-2.0759830339087366,-0.3983419213115841
goe225,0.3,1.25,0.3,0.65,5,10,-1.4896518845090234,-0.09891497424131901
goe225,0.3,1.25,0.3,0.65,5,20,-2.35459726428599,-0.3084358171294462
goe225,0.3,1.25,0.3,0.65,5,30,-3.2192171732267845,-0.6307573562295841
goe225,0.3,1.25,0.3,0.75,3,10,-0.5467747189419562,-0.02368359242695891
goe225,0.3,1.25,0.3,0.75,3,20,-0.8652609767260921,-0.10149508999778334
goe225,0.3,1.25,0.3,0.75,3,30,-1.1820379392019484,-0.22121503773882545
goe225,0.3,1.25,0.3,0.75,4,10,-0.9534457155280351,-0.060062628442972096
goe225,0.3,1.25,0.3,0.75,4,20,-1.5085026263992571,-0.19491381491536303
goe225,0.3,1.25,0.3,0.75,4,30,-2.0624815432723858,-0.40204253784699184
goe225,0.3,1.25,0.3,0.75,5,10,-1.4808407889805097,-0.10712820250305592
goe225,0.3,1.25,0.3,0.75,5,20,-2.340948979304594,-0.31521069994746853
goe225,0.3,1.25,0.3,0.75,5,30,-3.201686342144163,-0.6350503348125799
goe225,0.3,1.25,0.3,0.85,3,10,-0.540815741928532,-0.028767169248704434
goe225,0.3,1.25,0.3,0.85,3,20,-0.8559952391714523,-0.10560340817794703
goe225,0.3,1.25,0.3,0.85,3,30,-1.1699098604375255,-0.22364707511542872
goe225,0.3,1.25,0.3,0.85,4,10,-0.9495166252704258,-0.06528287957209306
goe225,0.3,1.25,0.3,0.85,4,20,-1.5016635419927282,-0.19910093568740933
goe225,0.3,1.25,0.3,0.85,4,30,-2.0535708332497573,-0.40469282352696034
goe225,0.3,1.25,0.3,0.85,5,10,-1.4751628040364895,-0.11273218967560382
goe225,0.3,1.25,0.3,0.85,5,20,-2.332137274362928,-0.31985832849615975
goe225,0.3,1.25,0.3,0.85,5,30,-3.1904617818975565,-0.6380635539432173
goe225,0.3,1.25,0.4,0.65,3,10,-0.5817543221676741,-0.02130038780377302
goe225,0.3,1.25,0.4,0.65,3,20,-0.9154167192757461,-0.10829387337574038
goe225,0.3,1.25,0.4,0.65,3,30,-1.2413312526059548,-0.2402834886072413
goe225,0.3,1.25,0.4,0.65,4,10,-1.0131257679466503,-0.06081134921961085
goe225,0.3,1.25,0.4,0.65,4,20,-1.592249782836327,-0.2099475770799855
goe225,0.3,1.25,0.4,0.65,4,30,-2.160393069322193,-0.4363966125711311
goe225,0.3,1.25,0.4,0.65,5,10,-1.5679201979535506,-0.11263706182655282
goe225,0.3,1.25,0.4,0.65,5,20,-2.4627234935489817,-0.3417251440210782
goe225,0.3,1.25,0.4,0.65,5,30,-3.3428584386686286,-0.6896945542572543
goe225,0.3,1.25,0.4,0.75,3,10,-0.5755337327821501,-0.028465194125887796
goe225,0.3,1.25,0.4,0.75,3,20,-0.9047929183457789,-0.11365152347047239
goe225,0.3,1.25,0.4,0.75,3,30,-1.2272168747390724,-0.24303051246899246
goe225,0.3,1.25,0.4,0.75,4,10,-1.0087057830677997,-0.06835223984596772
goe225,0.3,1.25,0.4,0.75,4,20,-1.583705092163485,-0.21567600400946255
goe225,0.3,1.25,0.4,0.75,4,30,-2.1490665277708114,-0.4396881212478083
goe225,0.3,1.25,0.4,0.75,5,10,-1.5610349704716053,-0.12076102120941405
goe225,0.3,1.25,0.4,0.75,5,20,-2.4513585610094615,-0.34813134576987903
goe225,0.3,1.25,0.4,0.75,5,30,-3.3282145619873793,-0.6935054622497421
goe225,0.3,1.25,0.4,0.85,3,10,-0.5714213345289414,-0.03343438190946394
goe225,0.3,1.25,0.4,0.85,3,20,-0.8977223801570847,-0.11743635443505818
goe225,0.3,1.25,0.4,0.85,3,30,-1.2178687119396507,-0.24509585663684258
goe225,0.3,1.25,0.4,0.85,4,10,-1.0022192645564931,-0.07383968080917427
goe225,0.3,1.25,0.4,0.85,4,20,-1.5739157456413972,-0.22005321966707597
goe225,0.3,1.25,0.4,0.85,4,30,-2.1365199510852966,-0.44218010846826844
goe225,0.3,1.25,0.4,0.85,5,10,-1.5564901839902352,-0.12630291771164143
goe225,0.3,1.25,0.4,0.85,5,20,-2.443889469092323,-0.35252744917540874
goe225,0.3,1.25,0.4,0.85,5,30,-3.3186963256997832,-0.6961730685410878
goe225,0.3,1.9,0.3,0.65,3,10,-0.42177498946866265,0.0002920336548067328
goe225,0.3,1.9,0.3,0.65,3,20,-0.66317111963408,-0.04495765305098891
goe225,0.3,1.9,0.3,0.65,3,30,-0.8971703417485019,-0.1124128300045709
goe225,0.3,1.9,0.3,0.65,4,10,-0.7351506349120027,-0.020569356433062857
goe225,0.3,1.9,0.3,0.65,4,20,-1.1545847226296269,-0.09873056087344806
goe225,0.3,1.9,0.3,0.65,4,30,-1.5624991480056318,-0.21493971744577411
goe225,0.3,1.9,0.3,0.65,5,10,-1.1383475990039291,-0.04820322546969509
goe225,0.3,1.9,0.3,0.65,5,20,-1.7868490682805094,-0.16873052659371493
goe225,0.3,1.9,0.3,0.65,5,30,-2.4187902856677055,-0.34768524228919123
goe225,0.3,1.9,0.3,0.75,3,10,-0.41732916786175267,-0.006329864868276528
goe225,0.3,1.9,0.3,0.75,3,20,-0.6556227984902877,-0.050813964375188814
goe225,0.3,1.9,0.3,0.75,3,30,-0.8870428357096609,-0.11706321199083612
goe225,0.3,1.9,0.3,0.75,4,10,-0.7315934756671589,-0.027494923879577894
goe225,0.3,1.9,0.3,0.75,4,20,-1.1480660233348972,-0.10485603470795486
goe225,0.3,1.9,0.3,0.75,4,30,-1.553750589509595,-0.21987969528669166
goe225,0.3,1.9,0.3,0.75,5,10,-1.1357134973536738,-0.05527432371760078
goe225,0.3,1.9,0.3,0.75,5,20,-1.7813753166682529,-0.17495370291117435
goe225,0.3,1.9,0.3,0.75,5,30,-2.4113851981618004,-0.35272599448274206
goe225,0.3,1.9,0.3,0.85,3,10,-0.4143570505399947,-0.01088767854922619
goe225,0.3,1.9,0.3,0.85,3,20,-0.6505861081238766,-0.05487111891246118
goe225,0.3,1.9,0.3,0.85,3,30,-0.8803291859458952,-0.1203238629315723
goe225,0.3,1.9,0.3,0.85,4,10,-0.7275982520835247,-0.032443772732922684
goe225,0.3,1.9,0.3,0.85,4,20,-1.1419440263004728,-0.10940443161956646
goe225,0.3,1.9,0.3,0.85,4,30,-1.5458555237796328,-0.2236588088920005
goe225,0.3,1.9,0.3,0.85,5,10,-1.1322678627854068,-0.06032322600817654
goe225,0.3,1.9,0.3,0.85,5,20,-1.775904863180595,-0.17957578414875294
goe225,0.3,1.9,0.3,0.85,5,30,-2.4043467158632286,-0.3565828260189982
goe225,0.3,1.9,0.4,0.65,3,10,-0.446316135561919,-0.0020781331893080634
goe225,0.3,1.9,0.4,0.65,3,20,-0.6997224790047784,-0.05250565526106535
goe225,0.3,1.9,0.4,0.65,3,30,-0.9431068631258707,-0.12701587339073606
goe225,0.3,1.9,0.4,0.65,4,10,-0.7801343830122744,-0.025092167332564533
goe225,0.3,1.9,0.4,0.65,4,20,-1.2207081457384992,-0.11178573839012546
goe225,0.3,1.9,0.4,0.65,4,30,-1.6453951982721808,-0.23986237665001345
goe225,0.3,1.9,0.4,0.65,5,10,-1.206267092753533,-0.055915637664619176
goe225,0.3,1.9,0.4,0.65,5,20,-1.8872746021719033,-0.18952191324224743
goe225,0.3,1.9,0.4,0.65,5,30,-2.5447842854725464,-0.3865300880912915
goe225,0.3,1.9,0.4,0.75,3,10,-0.44038061174810356,-0.009000713643014411
goe225,0.3,1.9,0.4,0.75,3,20,-0.6903924863215632,-0.05858896324619246
goe225,0.3,1.9,0.4,0.75,3,30,-0.9308104490785427,-0.1316800458125955
goe225,0.3,1.9,0.4,0.75,4,10,-0.7742505089960753,-0.03245386952727415
goe225,0.3,1.9,0.4,0.75,4,20,-1.211495257801931,-0.11833080096198086
goe225,0.3,1.9,0.4,0.75,4,30,-1.633404053331731,-0.24501338872125494
goe225,0.3,1.9,0.4,0.75,5,10,-1.2034485087751283,-0.06320842282951446
goe225,0.3,1.9,0.4,0.75,5,20,-1.8814779423096695,-0.19580791910483542
goe225,0.3,1.9,0.4,0.75,5,30,-2.5369511199413592,-0.39143940576932784
goe225,0.3,1.9,0.4,0.85,3,10,-0.43823039256140506,-0.013577416248700088
goe225,0.3,1.9,0.4,0.85,3,20,-0.686201866180326,-0.06247961089178959
goe225,0.3,1.9,0.4,0.85,3,30,-0.9250829399034299,-0.13462883861244399
goe225,0.3,1.9,0.4,0.85,4,10,-0.7722015314556046,-0.037279155579814524
goe225,0.3,1.9,0.4,0.85,4,20,-1.2074277522823083,-0.12249061096485492
goe225,0.3,1.9,0.4,0.85,4,30,-1.6279082514536887,-0.24825168355042343
goe225,0.3,1.9,0.4,0.85,5,10,-1.1997252740689193,-0.06842187216909883
goe225,0.3,1.9,0.4,0.85,5,20,-1.8756396130919994,-0.20048733351742182
goe225,0.3,1.9,0.4,0.85,5,30,-2.5294649940409015,-0.39520727867930344
goe225,0.3,3,0.3,0.65,3,10,-0.2973923026852023,0.009040275409838
goe225,0.3,3,0.3,0.65,3,20,-0.4657978274712505,-0.013814052751598008
goe225,0.3,3,0.3,0.65,3,30,-0.6259351523100315,-0.047075349146327584
goe225,0.3,3,0.3,0.65,4,10,-0.5219692531153873,-0.001314246772226357
goe225,0.3,3,0.3,0.65,4,20,-0.8152916678238697,-0.04058357477245594
goe225,0.3,3,0.3,0.65,4,30,-1.0950307709260694,-0.09767697452369169
goe225,0.3,3,0.3,0.65,5,10,-0.8093635069197803,-0.015333552130659896
goe225,0.3,3,0.3,0.65,5,20,-1.2632815319689354,-0.07590241073031365
goe225,0.3,3,0.3,0.65,5,30,-1.6967639494374316,-0.16374360054594092
goe225,0.3,3,0.3,0.75,3,10,-0.29513914173788575,0.0035247846059126785
goe225,0.3,3,0.3,0.75,3,20,-0.4615731991278995,-0.01889087844215691
goe225,0.3,3,0.3,0.75,3,30,-0.6200791343526989,-0.05149300831890836
goe225,0.3,3,0.3,0.75,4,10,-0.5190147341671817,-0.00718364127729712
goe225,0.3,3,0.3,0.75,4,20,-0.8103465756276612,-0.04611296532012464
goe225,0.3,3,0.3,0.75,4,30,-1.0884247465353536,-0.10260077843410206
goe225,0.3,3,0.3,0.75,5,10,-0.8069078620886463,-0.021296612584065053
goe225,0.3,3,0.3,0.75,5,20,-1.2588915485254606,-0.08148260834985388
goe225,0.3,3,0.3,0.75,5,30,-1.690842850717775,-0.16869315298787466
goe225,0.3,3,0.3,0.85,3,10,-0.29362699829063416,-0.00024443086193449385
goe225,0.3,3,0.3,0.85,3,20,-0.45874715156240103,-0.022376156353420884
goe225,0.3,3,0.3,0.85,3,30,-0.6161820835587367,-0.054544094576631494
goe225,0.3,3,0.3,0.85,4,10,-0.5170918043091242,-0.011174876175788877
goe225,0.3,3,0.3,0.85,4,20,-0.8071146260181493,-0.04987782250098674
goe225,0.3,3,0.3,0.85,4,30,-1.0841206837005664,-0.1059616618162803
goe225,0.3,3,0.3,0.85,5,10,-0.8052677361557009,-0.02533752516296395
goe225,0.3,3,0.3,0.85,5,20,-1.255969336096046,-0.08527027059879592
goe225,0.3,3,0.3,0.85,5,30,-1.6869184942091335,-0.17205832612521296
goe225,0.3,3,0.4,0.65,3,10,-0.3170218565649847,0.008648928524349411
goe225,0.3,3,0.4,0.65,3,20,-0.4957446359128012,-0.016943450900995846
goe225,0.3,3,0.4,0.65,3,30,-0.6649129924628793,-0.05402010776202237
goe225,0.3,3,0.4,0.65,4,10,-0.5555602439346864,-0.0029158913293977906
goe225,0.3,3,0.4,0.65,4,20,-0.8666026252974708,-0.04681429422829798
goe225,0.3,3,0.4,0.65,4,30,-1.1618155684220002,-0.11031770517751063
goe225,0.3,3,0.4,0.65,5,10,-0.8608121821495512,-0.018569327886902597
goe225,0.3,3,0.4,0.65,5,20,-1.341977700053241,-0.08619991440695202
goe225,0.3,3,0.4,0.65,5,30,-1.7992242940411536,-0.18378328240791927
goe225,0.3,3,0.4,0.75,3,10,-0.314416803920388,0.002860220059633612
goe225,0.3,3,0.4,0.75,3,20,-0.49097286990649663,-0.022210093010837213
goe225,0.3,3,0.4,0.75,3,30,-0.6583325677188402,-0.0585042611978139
goe225,0.3,3,0.4,0.75,4,10,-0.5518875632154707,-0.009142813492662813
goe225,0.3,3,0.4,0.75,4,20,-0.8607290401142683,-0.05265100683206151
goe225,0.3,3,0.4,0.75,4,30,-1.154059462232944,-0.11543905268629866
goe225,0.3,3,0.4,0.75,5,10,-0.8584417672761282,-0.024791822934047067
goe225,0.3,3,0.4,0.75,5,20,-1.3375009441801589,-0.09190815931236583
goe225,0.3,3,0.4,0.75,5,30,-1.7931053205659402,-0.1887138128046396
goe225,0.3,3,0.4,0.85,3,10,-0.3126670430404812,-0.0011017095618720695
goe225,0.3,3,0.4,0.85,3,20,-0.4877793779468257,-0.02583192804015932
goe225,0.3,3,0.4,0.85,3,30,-0.6539511994588446,-0.0616093712800043
goe225,0.3,3,0.4,0.85,4,10,-0.5503216574391412,-0.013255132891124559
goe225,0.3,3,0.4,0.85,4,20,-0.857754504472689,-0.05641589977506341
goe225,0.3,3,0.4,0.85,4,30,-1.1499798288426664,-0.11868382385108088
goe225,0.3,3,0.4,0.85,5,10,-0.8560560468198994,-0.02915273696803882
goe225,0.3,3,0.4,0.85,5,20,-1.3337096723362227,-0.09601828342067756
goe225,0.3,3,0.4,0.85,5,30,-1.7881568072611906,-0.1923516940919375
goe225,0.35,1.25,0.3,0.65,3,10,-0.7643611101762313,-0.009093556651250901
goe225,0.35,1.25,0.3,0.65,3,20,-1.2125413822531284,-0.12040404986627601
goe225,0.35,1.25,0.3,0.65,3,30,-1.6556237378019034,-0.291294842705176
goe225,0.35,1.25,0.3,0.65,4,10,-1.3175275963635364,-0.05693275214927713
goe225,0.35,1.25,0.3,0.65,4,20,-2.0876789543347867,-0.24579932173845184
goe225,0.35,1.25,0.3,0.65,4,30,-2.852771767370768,-0.5355537182160445
goe225,0.35,1.25,0.3,0.65,5,10,-2.0385805903296332,-0.11945911525221278
goe225,0.35,1.25,0.3,0.65,5,20,-3.224478849853404,-0.4077244479262492
goe225,0.35,1.25,0.3,0.65,5,30,-4.407466660026363,-0.8509611777664782
goe225,0.35,1.25,0.3,0.75,3,10,-0.7525646405702351,-0.021792560526796945
goe225,0.35,1.25,0.3,0.75,3,20,-1.192502703816743,-0.13012681506372423
goe225,0.35,1.25,0.3,0.75,3,30,-1.628703573195165,-0.296572316645514
goe225,0.35,1.25,0.3,0.75,4,10,-1.3065468626516752,-0.07050871193623261
goe225,0.35,1.25,0.3,0.75,4,20,-2.0685634190639197,-0.256402078209002
goe225,0.35,1.25,0.3,0.75,4,30,-2.8274176578205306,-0.541794521471568
goe225,0.35,1.25,0.3,0.75,5,10,-2.026618260760761,-0.13384080858912695
goe225,0.35,1.25,0.3,0.75,5,20,-3.204200546381675,-0.4192765734084534
goe225,0.35,1.25,0.3,0.75,5,30,-4.3809759786571485,-0.8581818242950456
goe225,0.35,1.25,0.3,0.85,3,10,-0.7446254072334321,-0.0305859484334848
goe225,0.35,1.25,0.3,0.85,3,20,-1.1790113113660428,-0.13695336028457897
goe225,0.35,1.25,0.3,0.85,3,30,-1.6107018818758387,-0.300443727836589
goe225,0.35,1.25,0.3,0.85,4,10,-1.2992379266105198,-0.07987190440735828
goe225,0.35,1.25,0.3,0.85,4,20,-2.055833706818891,-0.263814583026028
goe225,0.35,1.25,0.3,0.85,4,30,-2.810671733729598,-0.5463276035972621
goe225,0.35,1.25,0.3,0.85,5,10,-2.0185921058043794,-0.14370817927537677
goe225,0.35,1.25,0.3,0.85,5,20,-3.190637223264863,-0.4272743368557451
goe225,0.35,1.25,0.3,0.85,5,30,-4.363398987538119,-0.8632954565395994
goe225,0.35,1.25,0.4,0.65,3,10,-0.8017883236458738,-0.015662187226373046
goe225,0.35,1.25,0.4,0.65,3,20,-1.2641347672874654,-0.1378791577663563
goe225,0.35,1.25,0.4,0.65,3,30,-1.7140824773540748,-0.32267304851227857
goe225,0.35,1.25,0.4,0.65,4,10,-1.3965167051995673,-0.06763576368597328
goe225,0.35,1.25,0.4,0.65,4,20,-2.1944460634724723,-0.2739518082490709
goe225,0.35,1.25,0.4,0.65,4,30,-2.9760350635505457,-0.5876351825131307
goe225,0.35,1.25,0.4,0.65,5,10,-2.1503184780698192,-0.13755079704338846
goe225,0.35,1.25,0.4,0.65,5,20,-3.3775968371608656,-0.4527442675279453
goe225,0.35,1.25,0.4,0.65,5,30,-4.583030464685309,-0.931743283774417
goe225,0.35,1.25,0.4,0.75,3,10,-0.7945091090740801,-0.02793746203212754
goe225,0.35,1.25,0.4,0.75,3,20,-1.2495791738938966,-0.14645912477149012
goe225,0.35,1.25,0.4,0.75,3,30,-1.6942264134910405,-0.32653026815754416
goe225,0.35,1.25,0.4,0.75,4,10,-1.3801094367775102,-0.08182847788371345
goe225,0.35,1.25,0.4,0.75,4,20,-2.1689814862178736,-0.2850405166740649
goe225,0.35,1.25,0.4,0.75,4,30,-2.9428162902047332,-0.5936233336992371
goe225,0.35,1.25,0.4,0.75,5,10,-2.1333988364699974,-0.1525006012211421
goe225,0.35,1.25,0.4,0.75,5,20,-3.3516349608343186,-0.4645918176829204
goe225,0.35,1.25,0.4,0.75,5,30,-4.549566615753378,-0.938448144396182
goe225,0.35,1.25,0.4,0.85,3,10,-0.7841661530092641,-0.03704484150426268
goe225,0.35,1.25,0.4,0.85,3,20,-1.2332822874222045,-0.15348278087277678
goe225,0.35,1.25,0.4,0.85,3,30,-1.6727694009972,-0.3301948435080092
goe225,0.35,1.25,0.4,0.85,4,10,-1.3693205652522231,-0.09157200774142002
goe225,0.35,1.25,0.4,0.85,4,20,-2.152231040249045,-0.2926758330705604
goe225,0.35,1.25,0.4,0.85,4,30,-2.9211233766303537,-0.5978416860621688
goe225,0.35,1.25,0.4,0.85,5,10,-2.128696002407574,-0.16216678154844208
goe225,0.35,1.25,0.4,0.85,5,20,-3.341972813377254,-0.47202724530921475
goe225,0.35,1.25,0.4,0.85,5,30,-4.536884969031536,-0.9429481732035003
goe225,0.35,1.9,0.3,0.65,3,10,-0.5793882948873286,0.012698312137812327
goe225,0.35,1.9,0.3,0.65,3,20,-0.9134817507503316,-0.05070871232369514
goe225,0.35,1.9,0.3,0.65,3,30,-1.2362117554185514,-0.1449226997646585
goe225,0.35,1.9,0.3,0.65,4,10,-1.0103223606901264,-0.014319948498478209
goe225,0.35,1.9,0.3,0.65,4,20,-1.5871687635764309,-0.12199554297369178
goe225,0.35,1.9,0.3,0.65,4,30,-2.1472005019520806,-0.28233581339217784
goe225,0.35,1.9,0.3,0.65,5,10,-1.5588945770372942,-0.051281294669072795
goe225,0.35,1.9,0.3,0.65,5,20,-2.447254379443064,-0.21651689015963888
goe225,0.35,1.9,0.3,0.65,5,30,-3.3117023711507043,-0.4621142249567932
goe225,0.35,1.9,0.3,0.75,3,10,-0.5744078511189541,0.0012165749017817894
goe225,0.35,1.9,0.3,0.75,3,20,-0.9031870984473449,-0.060421351349267384
goe225,0.35,1.9,0.3,0.75,3,30,-1.2217714814079237,-0.15228868521473496
goe225,0.35,1.9,0.3,0.75,4,10,-0.999560493545798,-0.027250958167089088
goe225,0.35,1.9,0.3,0.75,4,20,-1.570392359567609,-0.1337347155659684
goe225,0.35,1.9,0.3,0.75,4,30,-2.1252230896286046,-0.2918905138354358
goe225,0.35,1.9,0.3,0.75,5,10,-1.5505741464050684,-0.06449701953816832
goe225,0.35,1.9,0.3,0.75,5,20,-2.433286173070333,-0.2283997475316465
goe225,0.35,1.9,0.3,0.75,5,30,-3.2933066461725344,-0.47182971764403114
goe225,0.35,1.9,0.3,0.85,3,10,-0.5681548881025761,-0.007025800272118139
goe225,0.35,1.9,0.3,0.85,3,20,-0.8930061654131211,-0.06777138493835537
goe225,0.35,1.9,0.3,0.85,3,30,-1.2082251819878194,-0.15814967544490727
goe225,0.35,1.9,0.3,0.85,4,10,-0.9954818608340139,-0.03575993375872173
goe225,0.35,1.9,0.3,0.85,4,20,-1.5626965606993655,-0.14122283581030445
goe225,0.35,1.9,0.3,0.85,4,30,-2.1148381937662037,-0.2979051180793641
goe225,0.35,1.9,0.3,0.85,5,10,-1.545080381681627,-0.07352365095481107
goe225,0.35,1.9,0.3,0.85,5,20,-2.424075316025341,-0.23654768054176262
goe225,0.35,1.9,0.3,0.85,5,30,-3.281259630506506,-0.4785394323939715
goe225,0.35,1.9,0.4,0.65,3,10,-0.61575500100225,0.009934845643336776
goe225,0.35,1.9,0.4,0.65,3,20,-0.9670047678661687,-0.06076985020707557
goe225,0.35,1.9,0.4,0.65,3,30,-1.3033962469167049,-0.16511463434524745
goe225,0.35,1.9,0.4,0.65,4,10,-1.066642435125005,-0.02090943730806388
goe225,0.35,1.9,0.4,0.65,4,20,-1.6722691325782741,-0.14119458629681028
goe225,0.35,1.9,0.4,0.65,4,30,-2.2543487370167603,-0.3183978576679283
goe225,0.35,1.9,0.4,0.65,5,10,-1.6526260019953602,-0.06165423422991918
goe225,0.35,1.9,0.4,0.65,5,20,-2.586132157341681,-0.24538761141304213
goe225,0.35,1.9,0.4,0.65,5,30,-3.485991750752724,-0.5164135421392458
goe225,0.35,1.9,0.4,0.75,3,10,-0.6081540416433009,-0.0020687236219263465
goe225,0.35,1.9,0.4,0.75,3,20,-0.953530931715899,-0.07090899799545541
goe225,0.35,1.9,0.4,0.75,3,30,-1.2850556465267198,-0.17256543400255894
goe225,0.35,1.9,0.4,0.75,4,10,-1.0613676059580317,-0.033533770486115694
goe225,0.35,1.9,0.4,0.75,4,20,-1.6614065640097238,-0.15186886905495073
goe225,0.35,1.9,0.4,0.75,4,30,-2.2393563446672164,-0.3264610754830792
goe225,0.35,1.9,0.4,0.75,5,10,-1.6442879161406319,-0.07519241804590493
goe225,0.35,1.9,0.4,0.75,5,20,-2.5719384075640055,-0.25724415192001016
goe225,0.35,1.9,0.4,0.75,5,30,-3.467264998131672,-0.5256976417677495
goe225,0.35,1.9,0.4,0.85,3,10,-0.6030940678249739,-0.01036912168417228
goe225,0.35,1.9,0.4,0.85,3,20,-0.9445357881201879,-0.07799664966530209
goe225,0.35,1.9,0.4,0.85,3,30,-1.272868944989954,-0.17788817384563801
goe225,0.35,1.9,0.4,0.85,4,10,-1.0544749335815031,-0.042578777810608384
goe225,0.35,1.9,0.4,0.85,4,20,-1.6504409520400274,-0.1598676243832544
goe225,0.35,1.9,0.4,0.85,4,30,-2.2250281729721864,-0.3327279339804191
goe225,0.35,1.9,0.4,0.85,5,10,-1.6387912318161457,-0.08445140771098004
goe225,0.35,1.9,0.4,0.85,5,20,-2.562579343970735,-0.26539277872080197
goe225,0.35,1.9,0.4,0.85,5,30,-3.4549932160567907,-0.5321401549523637
goe225,0.35,3,0.3,0.65,3,10,-0.4108958995713554,0.022988963664488528
goe225,0.35,3,0.3,0.65,3,20,-0.6445553914179379,-0.009027899310877755
goe225,0.35,3,0.3,0.65,3,30,-0.8664328302110367,-0.05574936812324078
goe225,0.35,3,0.3,0.65,4,10,-0.7153799778969981,0.009158067855926747
goe225,0.35,3,0.3,0.65,4,20,-1.1192226055621506,-0.04542181858887384
goe225,0.35,3,0.3,0.65,4,30,-1.5038050037385708,-0.12476500947937065
goe225,0.35,3,0.3,0.65,5,10,-1.109416042234767,-0.009314011242220413
goe225,0.35,3,0.3,0.65,5,20,-1.7323422588071375,-0.09272733102605457
goe225,0.35,3,0.3,0.65,5,30,-2.326813861534757,-0.21394667077028323
goe225,0.35,3,0.3,0.75,3,10,-0.40715827744753236,0.013093322163803222
goe225,0.35,3,0.3,0.75,3,20,-0.6371747461446595,-0.018035591840153173
goe225,0.35,3,0.3,0.75,3,30,-0.8560205223446502,-0.06348838621762352
goe225,0.35,3,0.3,0.75,4,10,-0.7121660535258348,-0.0011633483774482678
goe225,0.35,3,0.3,0.75,4,20,-1.1124301611057255,-0.054847154782523784
goe225,0.35,3,0.3,0.75,4,30,-1.4941940656779342,-0.13292915660896631
goe225,0.35,3,0.3,0.75,5,10,-1.1044544229455997,-0.020220942433813133
goe225,0.35,3,0.3,0.75,5,20,-1.7237275330444761,-0.10295276420468195
goe225,0.35,3,0.3,0.75,5,30,-2.315223750974252,-0.22302029111111193
goe225,0.35,3,0.3,0.85,3,10,-0.4032563380030463,0.006149212694211058
goe225,0.35,3,0.3,0.85,3,20,-0.6307371238643494,-0.024554897496924296
goe225,0.35,3,0.3,0.85,3,30,-0.8473721858057379,-0.06925012192503478
goe225,0.35,3,0.3,0.85,4,10,-0.7085682061728172,-0.008405115957621459
goe225,0.35,3,0.3,0.85,4,20,-1.1063625185723276,-0.06165768822288872
goe225,0.35,3,0.3,0.85,4,30,-1.4860689203003148,-0.13898309150036472
goe225,0.35,3,0.3,0.85,5,10,-1.1011646443487717,-0.027631636742373143
goe225,0.35,3,0.3,0.85,5,20,-1.7180212503430317,-0.10991364164460411
goe225,0.35,3,0.3,0.85,5,30,-2.307578245522951,-0.22921232142945128
goe225,0.35,3,0.4,0.65,3,10,-0.43866969630296687,0.022893757459049324
goe225,0.35,3,0.4,0.65,3,20,-0.6871043381730928,-0.013178421384033455
goe225,0.35,3,0.4,0.65,3,30,-0.9218866751483391,-0.06552694590300029
goe225,0.35,3,0.4,0.65,4,10,-0.7629866273495091,0.007485966001889688
goe225,0.35,3,0.4,0.65,4,20,-1.1919815951911368,-0.05375651988766645
goe225,0.35,3,0.4,0.65,4,30,-1.5985249821399266,-0.14233374962716533
goe225,0.35,3,0.4,0.65,5,10,-1.1802856273998603,-0.013484263363032649
goe225,0.35,3,0.4,0.65,5,20,-1.841569202960821,-0.10715903550759363
goe225,0.35,3,0.4,0.65,5,30,-2.4693208078527804,-0.24238407448783683
goe225,0.35,3,0.4,0.75,3,10,-0.43277732255044665,0.012342675466778988
goe225,0.35,3,0.4,0.75,3,20,-0.6770875587923524,-0.022838240381428003
goe225,0.35,3,0.4,0.75,3,30,-0.9082656407590395,-0.07375670097646196
goe225,0.35,3,0.4,0.75,4,10,-0.7589754452622001,-0.0034119879802974452
goe225,0.35,3,0.4,0.75,4,20,-1.1840151782603796,-0.06361785159370058
goe225,0.35,3,0.4,0.75,4,30,-1.5873877656748545,-0.1507137283188045
goe225,0.35,3,0.4,0.75,5,10,-1.176237587291169,-0.024763475920633594
