naca8304,0.4,1.5,0.2,0.2,3,15,-0.46877961596049983,-0.009202601646180383
naca8304,0.4,1.5,0.2,0.2,3,25,-0.704478294299651,-0.1091282472056544
naca8304,0.4,1.5,0.2,0.2,3,35,-0.9494546467983056,-0.26502187375956876
naca8304,0.4,1.5,0.2,0.2,4,15,-0.7620046322918926,-0.04338783477267375
naca8304,0.4,1.5,0.2,0.2,4,25,-1.147702923908248,-0.1963187358866805
naca8304,0.4,1.5,0.2,0.2,4,35,-1.5533105688075675,-0.4397174862606713
naca8304,0.4,1.5,0.2,0.2,5,15,-1.1225525969420604,-0.09351422674194597
naca8304,0.4,1.5,0.2,0.2,5,25,-1.6915982181579363,-0.31486141829231334
naca8304,0.4,1.5,0.2,0.2,5,35,-2.2951403464700024,-0.6687455578176946
naca8304,0.4,1.5,0.2,0.2,6,15,-1.572951222347299,-0.1515072753144832
naca8304,0.4,1.5,0.2,0.2,6,25,-2.3703936621236825,-0.45444606387740083
naca8304,0.4,1.5,0.2,0.2,6,35,-3.223307590637496,-0.9430853998719235
naca8304,0.4,1.5,0.2,0.6,3,15,-0.37392151060567835,-0.04448501649936748
naca8304,0.4,1.5,0.2,0.6,3,25,-0.5641888550853673,-0.11500603333922765
naca8304,0.4,1.5,0.2,0.6,3,35,-0.77038722038793,-0.22957218101126023
naca8304,0.4,1.5,0.2,0.6,4,15,-0.6549198853850927,-0.08337411805589602
naca8304,0.4,1.5,0.2,0.6,4,25,-0.9885425691811327,-0.20562544427670473
naca8304,0.4,1.5,0.2,0.6,4,35,-1.3525275152692848,-0.4050004033285099
naca8304,0.4,1.5,0.2,0.6,5,15,-1.0131568286496557,-0.1337783508369132
naca8304,0.4,1.5,0.2,0.6,5,25,-1.5300366287449498,-0.3222411393861268
naca8304,0.4,1.5,0.2,0.6,5,35,-2.095762177419469,-0.6298627531890291
naca8304,0.4,1.5,0.2,0.6,6,15,-1.4540168087328444,-0.19536071417639342
naca8304,0.4,1.5,0.2,0.6,6,25,-2.1959813072057472,-0.4650686025713812
naca8304,0.4,1.5,0.2,0.6,6,35,-3.0098265543717466,-0.9057408635903674
naca8304,0.4,1.5,0.2,1,3,15,-0.364676956179239,-0.048144264503824655
naca8304,0.4,1.5,0.2,1,3,25,-0.5507204317583207,-0.11596891994841918
naca8304,0.4,1.5,0.2,1,3,35,-0.7543441729684959,-0.2266780644343052
naca8304,0.4,1.5,0.2,1,4,15,-0.6448221607488336,-0.08735624877499237
naca8304,0.4,1.5,0.2,1,4,25,-0.9739657180133653,-0.20683194974723312
naca8304,0.4,1.5,0.2,1,4,35,-1.3353213480359696,-0.402092287542929
naca8304,0.4,1.5,0.2,1,5,15,-1.0048391426982788,-0.13782186346148684
naca8304,0.4,1.5,0.2,1,5,25,-1.5179071420652903,-0.3236772931487278
naca8304,0.4,1.5,0.2,1,5,35,-2.082042914563364,-0.6275712060158244
naca8304,0.4,1.5,0.2,1,6,15,-1.4439085928826774,-0.1995916182409452
naca8304,0.4,1.5,0.2,1,6,25,-2.181547640827509,-0.46649062315377615
naca8304,0.4,1.5,0.2,1,6,35,-2.9932219124225714,-0.9029239907067307
naca8304,0.4,1.5,0.4,0.2,3,15,-0.5064284126736709,-0.018519995437991415
naca8304,0.4,1.5,0.4,0.2,3,25,-0.7381482449882477,-0.12976633394817505
naca8304,0.4,1.5,0.4,0.2,3,35,-0.9638441429092546,-0.2962790026278536
naca8304,0.4,1.5,0.4,0.2,4,15,-0.8290511996449847,-0.06644283630681506
naca8304,0.4,1.5,0.4,0.2,4,25,-1.2086655451608588,-0.24067256431592196
naca8304,0.4,1.5,0.4,0.2,4,35,-1.5816445774717156,-0.5036884902710681
naca8304,0.4,1.5,0.4,0.2,5,15,-1.2359309705306216,-0.12775748882493415
naca8304,0.4,1.5,0.4,0.2,5,25,-1.802217112226288,-0.3803307703878495
naca8304,0.4,1.5,0.4,0.2,5,35,-2.362600249917686,-0.7639831359266048
naca8304,0.4,1.5,0.4,0.2,6,15,-1.7298627676501122,-0.20302952293997306
naca8304,0.4,1.5,0.4,0.2,6,25,-2.5230105266435037,-0.5502739256579687
naca8304,0.4,1.5,0.4,0.2,6,35,-3.312282430401736,-1.0800429244923204
naca8304,0.4,1.5,0.4,0.6,3,15,-0.4157711796554831,-0.05705517605107984
naca8304,0.4,1.5,0.4,0.6,3,25,-0.6067220316233604,-0.13836057929337112
naca8304,0.4,1.5,0.4,0.6,3,35,-0.7986577817190079,-0.26325658569375904
naca8304,0.4,1.5,0.4,0.6,4,15,-0.7285143925650206,-0.10570414034926862
naca8304,0.4,1.5,0.4,0.6,4,25,-1.0634126731207019,-0.2467259938645607
naca8304,0.4,1.5,0.4,0.6,4,35,-1.4017014123624176,-0.46397220944900674
naca8304,0.4,1.5,0.4,0.6,5,15,-1.1304757909061567,-0.1683901638941161
naca8304,0.4,1.5,0.4,0.6,5,25,-1.6504916178137863,-0.3861301755283344
naca8304,0.4,1.5,0.4,0.6,5,35,-2.1771953483764888,-0.722029513132573
naca8304,0.4,1.5,0.4,0.6,6,15,-1.621818968078495,-0.2451019911093438
naca8304,0.4,1.5,0.4,0.6,6,25,-2.3681499921091285,-0.556601917572395
naca8304,0.4,1.5,0.4,0.6,6,35,-3.12531566669241,-1.0375161798321277
naca8304,0.4,1.5,0.4,1,3,15,-0.40693102114816393,-0.06060842495998452
naca8304,0.4,1.5,0.4,1,3,25,-0.5941131681873919,-0.138978103626427
naca8304,0.4,1.5,0.4,1,3,35,-0.7836987487254411,-0.2598741989095742
naca8304,0.4,1.5,0.4,1,4,15,-0.7196138156945142,-0.10943630096199251
naca8304,0.4,1.5,0.4,1,4,25,-1.0508108626132253,-0.24746903086832653
naca8304,0.4,1.5,0.4,1,4,35,-1.3870626761821465,-0.4606456860289961
naca8304,0.4,1.5,0.4,1,5,15,-1.1217068731429645,-0.17225752000988018
naca8304,0.4,1.5,0.4,1,5,25,-1.6381282323124327,-0.38700269820590527
naca8304,0.4,1.5,0.4,1,5,35,-2.1630734154756026,-0.7188315588533184
naca8304,0.4,1.5,0.4,1,6,15,-1.6141073641265355,-0.2490029450078205
naca8304,0.4,1.5,0.4,1,6,25,-2.3570593238938367,-0.5575993510204583
naca8304,0.4,1.5,0.4,1,6,35,-3.1129076357543397,-1.0346869078936032
naca8304,0.4,1.5,0.6,0.2,3,15,-0.531956695082909,-0.030369363594235973
naca8304,0.4,1.5,0.6,0.2,3,25,-0.7530799646660937,-0.1484289586932246
naca8304,0.4,1.5,0.6,0.2,3,35,-0.9569444245817171,-0.3153321597495269
naca8304,0.4,1.5,0.6,0.2,4,15,-0.8711527037812767,-0.08091912739606676
naca8304,0.4,1.5,0.6,0.2,4,25,-1.2407424237046378,-0.2635765282103342
naca8304,0.4,1.5,0.6,0.2,4,35,-1.585929646982418,-0.5271717084767524
naca8304,0.4,1.5,0.6,0.2,5,15,-1.2999318720611055,-0.15470022161614755
naca8304,0.4,1.5,0.6,0.2,5,25,-1.8520507669385275,-0.422328953351861
naca8304,0.4,1.5,0.6,0.2,5,35,-2.3700604558254548,-0.8090125051339493
naca8304,0.4,1.5,0.6,0.2,6,15,-1.8274301521973628,-0.23698111873347563
naca8304,0.4,1.5,0.6,0.2,6,25,-2.607538064604469,-0.6047929163319686
naca8304,0.4,1.5,0.6,0.2,6,35,-3.344158742751506,-1.1407935560736178
naca8304,0.4,1.5,0.6,0.6,3,15,-0.43947917913075973,-0.06572733100752377
naca8304,0.4,1.5,0.6,0.6,3,25,-0.6279827469161468,-0.15230193559386723
naca8304,0.4,1.5,0.6,0.6,3,35,-0.807343911281631,-0.27911113471665167
naca8304,0.4,1.5,0.6,0.6,4,15,-0.7736172949118333,-0.12086252112657009
naca8304,0.4,1.5,0.6,0.6,4,25,-1.1056368439071358,-0.2716011513885009
naca8304,0.4,1.5,0.6,0.6,4,35,-1.4231389098196003,-0.4933750403552262
naca8304,0.4,1.5,0.6,0.6,5,15,-1.203045803125035,-0.1919693917344687
naca8304,0.4,1.5,0.6,0.6,5,25,-1.7194990857199999,-0.42519644055656636
naca8304,0.4,1.5,0.6,0.6,5,35,-2.2146828053271084,-0.7690365784973813
naca8304,0.4,1.5,0.6,0.6,6,15,-1.7242416217738554,-0.27905644162093673
naca8304,0.4,1.5,0.6,0.6,6,25,-2.465306694211092,-0.6126605782978506
naca8304,0.4,1.5,0.6,0.6,6,35,-3.1766153923140847,-1.1046575813157395
naca8304,0.4,1.5,0.6,1,3,15,-0.43306781566546054,-0.06909978367556543
naca8304,0.4,1.5,0.6,1,3,25,-0.618973375066576,-0.15304858614342481
naca8304,0.4,1.5,0.6,1,3,35,-0.7972187600293816,-0.2768094010091391
naca8304,0.4,1.5,0.6,1,4,15,-0.7651993651802061,-0.12450948616024193
naca8304,0.4,1.5,0.6,1,4,25,-1.0941494075474012,-0.27238106937004664
naca8304,0.4,1.5,0.6,1,4,35,-1.4100913167648874,-0.490543593100074
naca8304,0.4,1.5,0.6,1,5,15,-1.1936226612418426,-0.19574424874561347
naca8304,0.4,1.5,0.6,1,5,25,-1.7067843866574124,-0.4259526746602117
naca8304,0.4,1.5,0.6,1,5,35,-2.200233133650992,-0.7658625935555204
naca8304,0.4,1.5,0.6,1,6,15,-1.7170991825391357,-0.2828200591436343
naca8304,0.4,1.5,0.6,1,6,25,-2.4553449331689285,-0.6136318974990808
naca8304,0.4,1.5,0.6,1,6,35,-3.1656936710900325,-1.102284600016332
naca8304,0.4,1.5,0.8,0.2,3,15,-0.5522381206205033,-0.03236989263556114
naca8304,0.4,1.5,0.8,0.2,3,25,-0.7678020238107958,-0.15022761041233082
naca8304,0.4,1.5,0.8,0.2,3,35,-0.9586307641053994,-0.31168579479334707
naca8304,0.4,1.5,0.8,0.2,4,15,-0.9067277485737026,-0.09238501923828275
naca8304,0.4,1.5,0.8,0.2,4,25,-1.2659136184622004,-0.27920373573363966
naca8304,0.4,1.5,0.8,0.2,4,35,-1.5867481732518127,-0.5373387209317599
naca8304,0.4,1.5,0.8,0.2,5,15,-1.3568405667626673,-0.1692631083106755
naca8304,0.4,1.5,0.8,0.2,5,25,-1.8987713337690855,-0.4428233749413769
naca8304,0.4,1.5,0.8,0.2,5,35,-2.385902765988171,-0.8230591303048409
naca8304,0.4,1.5,0.8,0.2,6,15,-1.9045416367556953,-0.2633572972484567
naca8304,0.4,1.5,0.8,0.2,6,25,-2.6691069793482645,-0.6420899523694097
naca8304,0.4,1.5,0.8,0.2,6,35,-3.3594998275618075,-1.170702539084077
naca8304,0.4,1.5,0.8,0.6,3,15,-0.459863261423607,-0.07217754372212838
naca8304,0.4,1.5,0.8,0.6,3,25,-0.6458416527334779,-0.16179830331609768
naca8304,0.4,1.5,0.8,0.6,3,35,-0.815095020229476,-0.28773218896050057
naca8304,0.4,1.5,0.8,0.6,4,15,-0.8071296591340946,-0.1324484714052855
naca8304,0.4,1.5,0.8,0.6,4,25,-1.1345363294070487,-0.2884950513691394
naca8304,0.4,1.5,0.8,0.6,4,35,-1.4336240667232176,-0.5084324228805808
naca8304,0.4,1.5,0.8,0.6,5,15,-1.2536632496146243,-0.21006766567080695
naca8304,0.4,1.5,0.8,0.6,5,25,-1.762958440979178,-0.45150220272079317
naca8304,0.4,1.5,0.8,0.6,5,35,-2.229155832935959,-0.7923247725023151
naca8304,0.4,1.5,0.8,0.6,6,15,-1.7993335347426025,-0.3049574980349274
naca8304,0.4,1.5,0.8,0.6,6,25,-2.530943766677389,-0.6506992667331223
naca8304,0.4,1.5,0.8,0.6,6,35,-3.2014666119810475,-1.1392084482032907
naca8304,0.4,1.5,0.8,1,3,15,-0.4512965380585401,-0.07561688715903556
naca8304,0.4,1.5,0.8,1,3,25,-0.6346287986909025,-0.16252281056998133
naca8304,0.4,1.5,0.8,1,3,35,-0.802443932030261,-0.2852016549994448
naca8304,0.4,1.5,0.8,1,4,15,-0.7985447552811828,-0.13600628585744454
naca8304,0.4,1.5,0.8,1,4,25,-1.1233510848928392,-0.2892844225661009
naca8304,0.4,1.5,0.8,1,4,35,-1.4212008743307487,-0.505940333588753
naca8304,0.4,1.5,0.8,1,5,15,-1.2450740835737863,-0.2136818692295414
naca8304,0.4,1.5,0.8,1,5,25,-1.7518077665026697,-0.45229498169533366
naca8304,0.4,1.5,0.8,1,5,35,-2.216913326357087,-0.7897888365178026
naca8304,0.4,1.5,0.8,1,6,15,-1.790917698991553,-0.3086435528289948
naca8304,0.4,1.5,0.8,1,6,25,-2.5200423042139537,-0.6515715328956624
naca8304,0.4,1.5,0.8,1,6,35,-3.18962389534577,-1.136790451739519
naca8304,0.4,2.5,0.2,0.2,3,15,-0.34182818039345375,0.01951758986961207
naca8304,0.4,2.5,0.2,0.2,3,25,-0.5040160223438206,-0.030046330867994117
naca8304,0.4,2.5,0.2,0.2,3,35,-0.663812675309025,-0.10284101447615887
naca8304,0.4,2.5,0.2,0.2,4,15,-0.5591423179905736,-0.00022103334778768207
naca8304,0.4,2.5,0.2,0.2,4,25,-0.8231379425172928,-0.07792721841550228
naca8304,0.4,2.5,0.2,0.2,4,35,-1.085242363914099,-0.19277044026236959
naca8304,0.4,2.5,0.2,0.2,5,15,-0.8358548189984751,-0.02735407733317468
naca8304,0.4,2.5,0.2,0.2,5,25,-1.22943681777975,-0.1409212663389574
naca8304,0.4,2.5,0.2,0.2,5,35,-1.6227679561369808,-0.3093450631142551
naca8304,0.4,2.5,0.2,0.2,6,15,-1.1725562720011948,-0.06164351170717967
naca8304,0.4,2.5,0.2,0.2,6,25,-1.7242093165349528,-0.21895326978312352
naca8304,0.4,2.5,0.2,0.2,6,35,-2.278316625255631,-0.45269289930257206
naca8304,0.4,2.5,0.2,0.6,3,15,-0.28305035528941896,-0.022990275721493612
naca8304,0.4,2.5,0.2,0.6,3,25,-0.41617537959587975,-0.06036403237695578
naca8304,0.4,2.5,0.2,0.6,3,35,-0.5511151773475663,-0.11601084147829309
naca8304,0.4,2.5,0.2,0.6,4,15,-0.49710352182973183,-0.04605872316824539
naca8304,0.4,2.5,0.2,0.6,4,25,-0.7309773163676636,-0.11136672202414993
naca8304,0.4,2.5,0.2,0.6,4,35,-0.9690845108452208,-0.20865755167304803
naca8304,0.4,2.5,0.2,0.6,5,15,-0.7735607556804577,-0.07575510062006527
naca8304,0.4,2.5,0.2,0.6,5,25,-1.1373075523022773,-0.17699950967257022
naca8304,0.4,2.5,0.2,0.6,5,35,-1.508627189150717,-0.3279603942468748
naca8304,0.4,2.5,0.2,0.6,6,15,-1.1101123929647068,-0.11232361857375871
naca8304,0.4,2.5,0.2,0.6,6,25,-1.6323542636661557,-0.25750070068956
naca8304,0.4,2.5,0.2,0.6,6,35,-2.1661789823041957,-0.4739346127384569
naca8304,0.4,2.5,0.2,1,3,15,-0.2784139233969601,-0.027259418967228756
naca8304,0.4,2.5,0.2,1,3,25,-0.4093269038052623,-0.06368997527323986
naca8304,0.4,2.5,0.2,1,3,35,-0.542962363497038,-0.1180087837318048
naca8304,0.4,2.5,0.2,1,4,15,-0.4925780064744789,-0.050537090281400215
naca8304,0.4,2.5,0.2,1,4,25,-0.724349878783925,-0.11492079841615777
naca8304,0.4,2.5,0.2,1,4,35,-0.9614022243175125,-0.21089781655298273
naca8304,0.4,2.5,0.2,1,5,15,-0.7680280442487784,-0.08050848426592992
naca8304,0.4,2.5,0.2,1,5,25,-1.1295353274628195,-0.18084213944382566
naca8304,0.4,2.5,0.2,1,5,35,-1.4996441736816313,-0.33039507269431007
naca8304,0.4,2.5,0.2,1,6,15,-1.1050524273382136,-0.11708385981907299
naca8304,0.4,2.5,0.2,1,6,25,-1.625161489389348,-0.2613387443086638
naca8304,0.4,2.5,0.2,1,6,35,-2.1579813454799495,-0.47638274447931384
naca8304,0.4,2.5,0.4,0.2,3,15,-0.3773294511119381,0.012327557404674205
naca8304,0.4,2.5,0.4,0.2,3,25,-0.548758567682846,-0.0483588379870853
naca8304,0.4,2.5,0.4,0.2,3,35,-0.7122224575574729,-0.13485619023700351
naca8304,0.4,2.5,0.4,0.2,4,15,-0.620580378224004,-0.012103411155134332
naca8304,0.4,2.5,0.4,0.2,4,25,-0.9012700403713874,-0.10629628060580348
naca8304,0.4,2.5,0.4,0.2,4,35,-1.171022496297575,-0.24183437397099578
naca8304,0.4,2.5,0.4,0.2,5,15,-0.9224247011237392,-0.04699565178868473
naca8304,0.4,2.5,0.4,0.2,5,25,-1.3400738953143674,-0.1844808107341702
naca8304,0.4,2.5,0.4,0.2,5,35,-1.7430336101173738,-0.38209729877331405
naca8304,0.4,2.5,0.4,0.2,6,15,-1.3009092731342107,-0.0891909910106305
naca8304,0.4,2.5,0.4,0.2,6,25,-1.8881142503375237,-0.2789377943371244
naca8304,0.4,2.5,0.4,0.2,6,35,-2.457600759142847,-0.552953923110947
naca8304,0.4,2.5,0.4,0.6,3,15,-0.31622287220306455,-0.02965949353009629
naca8304,0.4,2.5,0.4,0.6,3,25,-0.4585125049909375,-0.07453008807889208
naca8304,0.4,2.5,0.4,0.6,3,35,-0.5977442839786686,-0.13971497497277827
naca8304,0.4,2.5,0.4,0.6,4,15,-0.5551195519538289,-0.057985385346287444
naca8304,0.4,2.5,0.4,0.6,4,25,-0.805079773797706,-0.1362169733494783
naca8304,0.4,2.5,0.4,0.6,4,35,-1.050566237464673,-0.24994877602951246
naca8304,0.4,2.5,0.4,0.6,5,15,-0.8624558164600516,-0.09460406879590894
naca8304,0.4,2.5,0.4,0.6,5,25,-1.2509807749331356,-0.21574650467255735
naca8304,0.4,2.5,0.4,0.6,5,35,-1.6333345467994578,-0.39193314874781815
naca8304,0.4,2.5,0.4,0.6,6,15,-1.239565690805424,-0.13929444909937883
naca8304,0.4,2.5,0.4,0.6,6,25,-1.7977477975985188,-0.3129113580181239
naca8304,0.4,2.5,0.4,0.6,6,35,-2.3478764474296323,-0.5656085229264448
naca8304,0.4,2.5,0.4,1,3,15,-0.31042402515104484,-0.03404519573328592
naca8304,0.4,2.5,0.4,1,3,25,-0.4502610895931251,-0.07763950167032704
naca8304,0.4,2.5,0.4,1,3,35,-0.5878729141404524,-0.1410400280342903
naca8304,0.4,2.5,0.4,1,4,15,-0.5498940797807949,-0.06255632183178787
naca8304,0.4,2.5,0.4,1,4,25,-0.7976150445610709,-0.13953440852429663
naca8304,0.4,2.5,0.4,1,4,35,-1.0418714180871969,-0.25156002959254614
naca8304,0.4,2.5,0.4,1,5,15,-0.8578034473917353,-0.09925992445574089
naca8304,0.4,2.5,0.4,1,5,25,-1.2442591778574437,-0.21916369045254602
naca8304,0.4,2.5,0.4,1,5,35,-1.6256832898286149,-0.3937090958222124
naca8304,0.4,2.5,0.4,1,6,15,-1.2341461555557942,-0.14414128980471996
naca8304,0.4,2.5,0.4,1,6,25,-1.790180067239707,-0.31651080950262267
naca8304,0.4,2.5,0.4,1,6,35,-2.33927943254437,-0.5674684141270399
naca8304,0.4,2.5,0.6,0.2,3,15,-0.4090559774084928,0.003232953077868183
naca8304,0.4,2.5,0.6,0.2,3,25,-0.5845836834675298,-0.06819001914671817
naca8304,0.4,2.5,0.6,0.2,3,35,-0.7451020454586926,-0.16609556330233752
naca8304,0.4,2.5,0.6,0.2,4,15,-0.6745555922745039,-0.027727421663493058
naca8304,0.4,2.5,0.6,0.2,4,25,-0.9644215565593743,-0.13850472249372495
naca8304,0.4,2.5,0.6,0.2,4,35,-1.231668255756529,-0.29201553846845923
naca8304,0.4,2.5,0.6,0.2,5,15,-1.0139353851972859,-0.06889418781822265
naca8304,0.4,2.5,0.6,0.2,5,25,-1.4496445020618878,-0.2298144921710554
naca8304,0.4,2.5,0.6,0.2,5,35,-1.8536576708202233,-0.4542036854149985
naca8304,0.4,2.5,0.6,0.2,6,15,-1.4305371963599423,-0.12110510488946712
naca8304,0.4,2.5,0.6,0.2,6,25,-2.0442596386476,-0.3436056676232589
naca8304,0.4,2.5,0.6,0.2,6,35,-2.615780295334208,-0.655083222840128
naca8304,0.4,2.5,0.6,0.6,3,15,-0.34812976572082743,-0.037716700788635905
naca8304,0.4,2.5,0.6,0.6,3,25,-0.49721447668970276,-0.09041886772112753
naca8304,0.4,2.5,0.6,0.6,3,35,-0.6370853304302919,-0.1646178796349566
naca8304,0.4,2.5,0.6,0.6,4,15,-0.6129815052349022,-0.0721447747679878
naca8304,0.4,2.5,0.6,0.6,4,25,-0.8754287681672955,-0.16405903702610009
naca8304,0.4,2.5,0.6,0.6,4,35,-1.1225398505170014,-0.2937545621636598
naca8304,0.4,2.5,0.6,0.6,5,15,-0.9518208305561199,-0.11677897433169987
naca8304,0.4,2.5,0.6,0.6,5,25,-1.3598179586017245,-0.259067063982546
naca8304,0.4,2.5,0.6,0.6,5,35,-1.7445640726973264,-0.4598931455203733
naca8304,0.4,2.5,0.6,0.6,6,15,-1.3679283668219793,-0.1712579322901179
naca8304,0.4,2.5,0.6,0.6,6,25,-1.9541756137770767,-0.3751810941538154
naca8304,0.4,2.5,0.6,0.6,6,35,-2.5077037266246553,-0.6632308237605247
naca8304,0.4,2.5,0.6,1,3,15,-0.3426068894204208,-0.04202926336449849
naca8304,0.4,2.5,0.6,1,3,25,-0.4894598125928576,-0.09323770949519158
naca8304,0.4,2.5,0.6,1,3,35,-0.6279398474248955,-0.16551113500040457
naca8304,0.4,2.5,0.6,1,4,15,-0.6073692332256214,-0.07670411663850414
naca8304,0.4,2.5,0.6,1,4,25,-0.867646463904204,-0.16712706922503948
naca8304,0.4,2.5,0.6,1,4,35,-1.1135309823288138,-0.29489269897407155
naca8304,0.4,2.5,0.6,1,5,15,-0.9477071873911761,-0.12133188063140073
naca8304,0.4,2.5,0.6,1,5,25,-1.3538070407736114,-0.26216780652992067
naca8304,0.4,2.5,0.6,1,5,35,-1.7377929075433487,-0.4612649042285931
naca8304,0.4,2.5,0.6,1,6,15,-1.3632000684804648,-0.17598291370336797
naca8304,0.4,2.5,0.6,1,6,25,-1.9475439841520463,-0.3784420093998537
naca8304,0.4,2.5,0.6,1,6,35,-2.500296563097564,-0.6646767929361928
naca8304,0.4,2.5,0.8,0.2,3,15,-0.42896686420480373,0.0005572955107687149
naca8304,0.4,2.5,0.8,0.2,3,25,-0.6067663406028582,-0.0749717904671811
naca8304,0.4,2.5,0.8,0.2,3,35,-0.7655798009710958,-0.17701087129950097
naca8304,0.4,2.5,0.8,0.2,4,15,-0.7125255069191979,-0.034589224108290954
naca8304,0.4,2.5,0.8,0.2,4,25,-1.007665673194205,-0.15307041006502534
naca8304,0.4,2.5,0.8,0.2,4,35,-1.2734755207560726,-0.3147079647717983
naca8304,0.4,2.5,0.8,0.2,5,15,-1.0644586207423141,-0.08355633808737675
naca8304,0.4,2.5,0.8,0.2,5,25,-1.5067380988765187,-0.2575876068702855
naca8304,0.4,2.5,0.8,0.2,5,35,-1.9060624038112324,-0.49459985507412735
naca8304,0.4,2.5,0.8,0.2,6,15,-1.5044382316890472,-0.14125866447454272
naca8304,0.4,2.5,0.8,0.2,6,25,-2.129208058409147,-0.3818426661176508
naca8304,0.4,2.5,0.8,0.2,6,35,-2.6959333951441597,-0.7112822810035307
naca8304,0.4,2.5,0.8,0.6,3,15,-0.36574574522962694,-0.042816482427153815
naca8304,0.4,2.5,0.8,0.6,3,25,-0.517747509912867,-0.09988538101378842
naca8304,0.4,2.5,0.8,0.6,3,35,-0.6565238850814851,-0.17842907048313375
naca8304,0.4,2.5,0.8,0.6,4,15,-0.6458503810328671,-0.08102854209598717
naca8304,0.4,2.5,0.8,0.6,4,25,-0.9139264389341736,-0.1806496333635649
naca8304,0.4,2.5,0.8,0.6,4,35,-1.1596259289769442,-0.31826206499786963
naca8304,0.4,2.5,0.8,0.6,5,15,-1.0038389390957048,-0.1305526139818158
naca8304,0.4,2.5,0.8,0.6,5,25,-1.4208581022274407,-0.28482662864298375
naca8304,0.4,2.5,0.8,0.6,5,35,-1.803656234459539,-0.4980941497345889
naca8304,0.4,2.5,0.8,0.6,6,15,-1.441552914680032,-0.1911807263863797
naca8304,0.4,2.5,0.8,0.6,6,25,-2.0407018018245187,-0.4122647284875771
naca8304,0.4,2.5,0.8,0.6,6,35,-2.5912021191843646,-0.718034766432349
naca8304,0.4,2.5,0.8,1,3,15,-0.3613395541260311,-0.04698854774636313
naca8304,0.4,2.5,0.8,1,3,25,-0.5114438202831,-0.10251315642087179
naca8304,0.4,2.5,0.8,1,3,35,-0.6492270282348772,-0.17926776616639986
naca8304,0.4,2.5,0.8,1,4,15,-0.640306377516921,-0.08553123452850216
naca8304,0.4,2.5,0.8,1,4,25,-0.9063472396433047,-0.183577137247869
naca8304,0.4,2.5,0.8,1,4,35,-1.150925922130465,-0.3192477426042368
naca8304,0.4,2.5,0.8,1,5,15,-0.9983858087223803,-0.13521028426648382
naca8304,0.4,2.5,0.8,1,5,25,-1.4134896476012855,-0.2879198809445964
naca8304,0.4,2.5,0.8,1,5,35,-1.7953434631315963,-0.4992683805394238
naca8304,0.4,2.5,0.8,1,6,15,-1.4367239937872756,-0.19586221611229948
naca8304,0.4,2.5,0.8,1,6,25,-2.034057492189191,-0.41539076062522606
naca8304,0.4,2.5,0.8,1,6,35,-2.5838037697631546,-0.7193144577874385
naca8304,0.4,3.5,0.2,0.2,3,15,-0.260354652459416,0.028469362937866973
naca8304,0.4,3.5,0.2,0.2,3,25,-0.3807263854709116,-0.0003273357361821847
naca8304,0.4,3.5,0.2,0.2,3,35,-0.4963219401021975,-0.04142072299584841
naca8304,0.4,3.5,0.2,0.2,4,15,-0.42890036122369246,0.017149709647069588
naca8304,0.4,3.5,0.2,0.2,4,25,-0.6255631851693069,-0.02817156621326279
naca8304,0.4,3.5,0.2,0.2,4,35,-0.8155211585589927,-0.09305256262459952
naca8304,0.4,3.5,0.2,0.2,5,15,-0.6445008493859444,0.0009615139171829991
naca8304,0.4,3.5,0.2,0.2,5,25,-0.9387529060404823,-0.06565083731445477
naca8304,0.4,3.5,0.2,0.2,5,35,-1.2243828549352958,-0.16112213045067283
naca8304,0.4,3.5,0.2,0.2,6,15,-0.907545985174866,-0.019889017995611005
naca8304,0.4,3.5,0.2,0.2,6,25,-1.3210467159055208,-0.11260080007958943
naca8304,0.4,3.5,0.2,0.2,6,35,-1.7239831342524257,-0.24551843098401172
naca8304,0.4,3.5,0.2,0.6,3,15,-0.22028483994561535,-0.012140498348746673
naca8304,0.4,3.5,0.2,0.6,3,25,-0.3204417337088263,-0.03433087597874472
naca8304,0.4,3.5,0.2,0.6,3,35,-0.418707888518859,-0.06612738420168357
naca8304,0.4,3.5,0.2,0.6,4,15,-0.3877374054584868,-0.026396613620815478
naca8304,0.4,3.5,0.2,0.6,4,25,-0.5639724442926981,-0.06529018361466828
naca8304,0.4,3.5,0.2,0.6,4,35,-0.7374457861861892,-0.12098930352816918
naca8304,0.4,3.5,0.2,0.6,5,15,-0.6037142862919809,-0.044751891468787
naca8304,0.4,3.5,0.2,0.6,5,25,-0.877904989772694,-0.10509975275617883
naca8304,0.4,3.5,0.2,0.6,5,35,-1.1483186918854928,-0.191546686810004
naca8304,0.4,3.5,0.2,0.6,6,15,-0.8670314162117064,-0.06738732420993993
naca8304,0.4,3.5,0.2,0.6,6,25,-1.260891961912996,-0.15400224200180798
naca8304,0.4,3.5,0.2,0.6,6,35,-1.6497027709821355,-0.27802311356285864
naca8304,0.4,3.5,0.2,1,3,15,-0.2172585780907605,-0.01610117570619056
naca8304,0.4,3.5,0.2,1,3,25,-0.31592758700486884,-0.037812444188944125
naca8304,0.4,3.5,0.2,1,3,35,-0.41323402602204234,-0.06891200884778657
naca8304,0.4,3.5,0.2,1,4,15,-0.3848115830137871,-0.03050957561890297
naca8304,0.4,3.5,0.2,1,4,25,-0.5596290963980965,-0.06893225585974161
naca8304,0.4,3.5,0.2,1,4,35,-0.7322766190992097,-0.12393607654817
naca8304,0.4,3.5,0.2,1,5,15,-0.6004653123629441,-0.04901366097471585
naca8304,0.4,3.5,0.2,1,5,25,-0.8732177308546066,-0.1089068957653344
naca8304,0.4,3.5,0.2,1,5,35,-1.1427918239487056,-0.19464095566290474
naca8304,0.4,3.5,0.2,1,6,15,-0.8638798904656054,-0.07170011416461801
naca8304,0.4,3.5,0.2,1,6,25,-1.2563523867401876,-0.15785896410581926
naca8304,0.4,3.5,0.2,1,6,35,-1.6444014257194588,-0.2811636084801381
naca8304,0.4,3.5,0.4,0.2,3,15,-0.3077428165129263,0.02440960552859273
naca8304,0.4,3.5,0.4,0.2,3,25,-0.4447587518571625,-0.015135943214062404
naca8304,0.4,3.5,0.4,0.2,3,35,-0.5726511711226044,-0.0700397726958323
naca8304,0.4,3.5,0.4,0.2,4,15,-0.5032848174962867,0.007867408453352976
naca8304,0.4,3.5,0.4,0.2,4,25,-0.7264489964955313,-0.054005558616471216
naca8304,0.4,3.5,0.4,0.2,4,35,-0.9354817352217686,-0.13970786487302977
naca8304,0.4,3.5,0.4,0.2,5,15,-0.7590292811772598,-0.01385170704786261
naca8304,0.4,3.5,0.4,0.2,5,25,-1.093508692881633,-0.10363194359603543
naca8304,0.4,3.5,0.4,0.2,5,35,-1.408437904846291,-0.22865064114856615
naca8304,0.4,3.5,0.4,0.2,6,15,-1.07145427098337,-0.04176263249331193
naca8304,0.4,3.5,0.4,0.2,6,25,-1.5418740458399869,-0.16579847840968487
naca8304,0.4,3.5,0.4,0.2,6,35,-1.9865102032716444,-0.33901798385402443
naca8304,0.4,3.5,0.4,0.6,3,15,-0.25996963042196725,-0.017991529622567986
naca8304,0.4,3.5,0.4,0.6,3,25,-0.37386106752822607,-0.04740017857713426
naca8304,0.4,3.5,0.4,0.6,3,35,-0.4821460509256304,-0.08852113798961526
naca8304,0.4,3.5,0.4,0.6,4,15,-0.45741818072913415,-0.03711211224801538
naca8304,0.4,3.5,0.4,0.6,4,25,-0.6577411163835905,-0.08844759539597308
naca8304,0.4,3.5,0.4,0.6,4,35,-0.8487514883218732,-0.16025498783925937
naca8304,0.4,3.5,0.4,0.6,5,15,-0.7113346401933858,-0.06187527486412861
naca8304,0.4,3.5,0.4,0.6,5,25,-1.0228527229115314,-0.14141407657159877
naca8304,0.4,3.5,0.4,0.6,5,35,-1.320350328952625,-0.25268631399775043
naca8304,0.4,3.5,0.4,0.6,6,15,-1.0217188688011647,-0.0922307633700783
naca8304,0.4,3.5,0.4,0.6,6,25,-1.4691863293968517,-0.2062459572025488
naca8304,0.4,3.5,0.4,0.6,6,35,-1.8969075523863361,-0.3657573714247813
naca8304,0.4,3.5,0.4,1,3,15,-0.25600680877609,-0.022264300710859906
naca8304,0.4,3.5,0.4,1,3,25,-0.3681162841876472,-0.05088312308379827
naca8304,0.4,3.5,0.4,1,3,35,-0.4751758354152679,-0.09091811481726844
naca8304,0.4,3.5,0.4,1,4,15,-0.4534232905571633,-0.04160519527835756
naca8304,0.4,3.5,0.4,1,4,25,-0.6520356328114338,-0.09216367380445627
naca8304,0.4,3.5,0.4,1,4,35,-0.8419492800338125,-0.1628869863347678
naca8304,0.4,3.5,0.4,1,5,15,-0.7073277665227193,-0.06651008343255431
naca8304,0.4,3.5,0.4,1,5,25,-1.0172024519714247,-0.14528261326010045
naca8304,0.4,3.5,0.4,1,5,35,-1.3137022893292125,-0.2554718509564263
naca8304,0.4,3.5,0.4,1,6,15,-1.0178958027297418,-0.09690421462008031
naca8304,0.4,3.5,0.4,1,6,25,-1.4637562452513684,-0.21014048695571524
naca8304,0.4,3.5,0.4,1,6,35,-1.8905557660565016,-0.3685626521983217
naca8304,0.4,3.5,0.6,0.2,3,15,-0.3271012602642319,0.020222304182152123
naca8304,0.4,3.5,0.6,0.2,3,25,-0.4701652847919517,-0.025792887182773373
naca8304,0.4,3.5,0.6,0.2,3,35,-0.6010056476388562,-0.08821025739827823
naca8304,0.4,3.5,0.6,0.2,4,15,-0.541739511004798,0.0013628574783500957
naca8304,0.4,3.5,0.6,0.2,4,25,-0.7765899776938184,-0.06974377564267484
naca8304,0.4,3.5,0.6,0.2,4,35,-0.9927061860351496,-0.16690854108789033
naca8304,0.4,3.5,0.6,0.2,5,15,-0.8166165483169924,-0.024567523947986093
naca8304,0.4,3.5,0.6,0.2,5,25,-1.1688433356667036,-0.1278408831780405
naca8304,0.4,3.5,0.6,0.2,5,35,-1.4944666054320481,-0.26955211904785004
naca8304,0.4,3.5,0.6,0.2,6,15,-1.1521288908568061,-0.057475123325426467
naca8304,0.4,3.5,0.6,0.2,6,25,-1.6477158195645043,-0.20007636763523606
naca8304,0.4,3.5,0.6,0.2,6,35,-2.1074448808242043,-0.3962521717429442
naca8304,0.4,3.5,0.6,0.6,3,15,-0.27948388836795873,-0.022022153654793857
naca8304,0.4,3.5,0.6,0.6,3,25,-0.39956163079170526,-0.055774598127553185
naca8304,0.4,3.5,0.6,0.6,3,35,-0.5115363039814893,-0.10227724907086594
naca8304,0.4,3.5,0.6,0.6,4,15,-0.4928782000780167,-0.044210412640013026
naca8304,0.4,3.5,0.6,0.6,4,25,-0.70430936300152,-0.10305839077569935
naca8304,0.4,3.5,0.6,0.6,4,35,-0.9020846905797694,-0.18429663996651288
naca8304,0.4,3.5,0.6,0.6,5,15,-0.7672123083009164,-0.07292852392192635
naca8304,0.4,3.5,0.6,0.6,5,25,-1.0961370024524826,-0.16405456908443034
naca8304,0.4,3.5,0.6,0.6,5,35,-1.4043168776042942,-0.2899589009392878
naca8304,0.4,3.5,0.6,0.6,6,15,-1.1016023211321786,-0.10827494976493333
naca8304,0.4,3.5,0.6,0.6,6,25,-1.5740885361460035,-0.23888301605018197
naca8304,0.4,3.5,0.6,0.6,6,35,-2.017117009788761,-0.4193295345437988
naca8304,0.4,3.5,0.6,1,3,15,-0.2761290849363776,-0.026243298335318407
naca8304,0.4,3.5,0.6,1,3,25,-0.3945081707257555,-0.059033569541559874
naca8304,0.4,3.5,0.6,1,3,35,-0.5054172012997721,-0.10433628062622193
naca8304,0.4,3.5,0.6,1,4,15,-0.48913421377048816,-0.04870452611602833
naca8304,0.4,3.5,0.6,1,4,25,-0.6988827581241831,-0.10660795510685206
naca8304,0.4,3.5,0.6,1,4,35,-0.8956380142948304,-0.1866239820537944
naca8304,0.4,3.5,0.6,1,5,15,-0.7633481793926078,-0.0775611151756108
naca8304,0.4,3.5,0.6,1,5,25,-1.0906048923748382,-0.16774141997244432
naca8304,0.4,3.5,0.6,1,5,35,-1.397807230247385,-0.29240453763680185
naca8304,0.4,3.5,0.6,1,6,15,-1.0982278575578026,-0.11291890847202209
naca8304,0.4,3.5,0.6,1,6,25,-1.569133153140712,-0.24257021459938474
naca8304,0.4,3.5,0.6,1,6,35,-2.0113310526479258,-0.42179849572668665
naca8304,0.4,3.5,0.8,0.2,3,15,-0.3483262231381584,0.017396757903063928
naca8304,0.4,3.5,0.8,0.2,3,25,-0.4966304581263798,-0.033234937975441664
naca8304,0.4,3.5,0.8,0.2,3,35,-0.6303277751278409,-0.10144821158050926
naca8304,0.4,3.5,0.8,0.2,4,15,-0.575537976888286,-0.00453073626228778
naca8304,0.4,3.5,0.8,0.2,4,25,-0.8193563133775644,-0.08334426846958419
naca8304,0.4,3.5,0.8,0.2,4,35,-1.0402839297128514,-0.1899147779009763
naca8304,0.4,3.5,0.8,0.2,5,15,-0.8663266308593721,-0.034306065302897336
naca8304,0.4,3.5,0.8,0.2,5,25,-1.2322909288350152,-0.14905450737442896
naca8304,0.4,3.5,0.8,0.2,5,35,-1.5652040558554232,-0.30462543138241993
naca8304,0.4,3.5,0.8,0.2,6,15,-1.2213831803740818,-0.07189409578860814
naca8304,0.4,3.5,0.8,0.2,6,25,-1.7365261003317722,-0.23049016786391924
naca8304,0.4,3.5,0.8,0.2,6,35,-2.20654125797377,-0.4459088362675
naca8304,0.4,3.5,0.8,0.6,3,15,-0.2970230652751337,-0.025601381113194904
naca8304,0.4,3.5,0.8,0.6,3,25,-0.4220780539989961,-0.06313310150258739
naca8304,0.4,3.5,0.8,0.6,3,35,-0.5367795623787935,-0.11426391641171298
naca8304,0.4,3.5,0.8,0.6,4,15,-0.5230660216617858,-0.05069796313216208
naca8304,0.4,3.5,0.8,0.6,4,25,-0.7432245917371745,-0.1161384228231702
naca8304,0.4,3.5,0.8,0.6,4,35,-0.945678153802435,-0.20540860117765014
naca8304,0.4,3.5,0.8,0.6,5,15,-0.8138063030734717,-0.08315457114733361
naca8304,0.4,3.5,0.8,0.6,5,25,-1.1563226564923939,-0.18448868546819028
naca8304,0.4,3.5,0.8,0.6,5,35,-1.4717355642648806,-0.32281566448513627
naca8304,0.4,3.5,0.8,0.6,6,15,-1.1692467402911308,-0.12292022378111504
naca8304,0.4,3.5,0.8,0.6,6,25,-1.6613627205974129,-0.26813250969430424
naca8304,0.4,3.5,0.8,0.6,6,35,-2.1149146815005997,-0.466432074363339
naca8304,0.4,3.5,0.8,1,3,15,-0.29290889633181255,-0.029924767742481078
naca8304,0.4,3.5,0.8,1,3,25,-0.41618413863889825,-0.0663903115992926
naca8304,0.4,3.5,0.8,1,3,35,-0.5297010178931372,-0.11616596073161851
naca8304,0.4,3.5,0.8,1,4,15,-0.5190897191105476,-0.05523648566565673
naca8304,0.4,3.5,0.8,1,4,25,-0.7375623144213707,-0.11961966739769662
naca8304,0.4,3.5,0.8,1,4,35,-0.9389867429328689,-0.2075526869585868
naca8304,0.4,3.5,0.8,1,5,15,-0.8099612006292861,-0.08782106081403479
naca8304,0.4,3.5,0.8,1,5,25,-1.1508682268041994,-0.18810275985404223
naca8304,0.4,3.5,0.8,1,5,35,-1.4653678859377848,-0.32510282758242853
naca8304,0.4,3.5,0.8,1,6,15,-1.165761093567617,-0.12759205903735038
naca8304,0.4,3.5,0.8,1,6,25,-1.6562844011667854,-0.2717281694966491
naca8304,0.4,3.5,0.8,1,6,35,-2.108996028297629,-0.4687021192622371
naca8304,0.4,4.5,0.2,0.2,3,15,-0.2297431896863284,0.030437946609456097
naca8304,0.4,4.5,0.2,0.2,3,25,-0.3345564943195047,0.007756954937131801
naca8304,0.4,4.5,0.2,0.2,3,35,-0.43373773184390685,-0.024065472196574237
naca8304,0.4,4.5,0.2,0.2,4,15,-0.380737631198246,0.02195032641054358
naca8304,0.4,4.5,0.2,0.2,4,25,-0.5523467282764303,-0.01344735682690094
naca8304,0.4,4.5,0.2,0.2,4,35,-0.7156154507073159,-0.06333263807781259
naca8304,0.4,4.5,0.2,0.2,5,15,-0.5702712339243501,0.008978073779150175
naca8304,0.4,4.5,0.2,0.2,5,25,-0.8268627083103314,-0.04320169705429849
naca8304,0.4,4.5,0.2,0.2,5,35,-1.0717574251314448,-0.11644890366065688
naca8304,0.4,4.5,0.2,0.2,6,15,-0.8058716081077921,-0.007204968972215878
naca8304,0.4,4.5,0.2,0.2,6,25,-1.1669916909045686,-0.07961808088702978
naca8304,0.4,4.5,0.2,0.2,6,35,-1.5129132012101318,-0.18142762089288225
naca8304,0.4,4.5,0.2,0.6,3,15,-0.19600637701196852,-0.008643348195943515
naca8304,0.4,4.5,0.2,0.6,3,25,-0.28356181694880905,-0.0259500566867451
naca8304,0.4,4.5,0.2,0.6,3,35,-0.3679133413876776,-0.05025456760467649
naca8304,0.4,4.5,0.2,0.6,4,15,-0.3457614277148958,-0.019836877183795718
naca8304,0.4,4.5,0.2,0.6,4,25,-0.499937996298237,-0.05012326395728937
naca8304,0.4,4.5,0.2,0.6,4,35,-0.6489147621258259,-0.09266396095653931
naca8304,0.4,4.5,0.2,0.6,5,15,-0.5378298326486483,-0.03445228553229856
naca8304,0.4,4.5,0.2,0.6,5,25,-0.7776504427301719,-0.08147258998866386
naca8304,0.4,4.5,0.2,0.6,5,35,-1.0096991701447515,-0.14746583448390121
naca8304,0.4,4.5,0.2,0.6,6,15,-0.7726639154300496,-0.05237241507355845
naca8304,0.4,4.5,0.2,0.6,6,25,-1.117206791354896,-0.1198489476229088
naca8304,0.4,4.5,0.2,0.6,6,35,-1.4508533001444026,-0.2145098074288439
naca8304,0.4,4.5,0.2,1,3,15,-0.19353347180030184,-0.0123947691785281
naca8304,0.4,4.5,0.2,1,3,25,-0.27982682826956573,-0.02930979214363582
naca8304,0.4,4.5,0.2,1,3,35,-0.36332004823582503,-0.05304878210863055
naca8304,0.4,4.5,0.2,1,4,15,-0.34304487612475765,-0.023776257739796868
naca8304,0.4,4.5,0.2,1,4,25,-0.4959716575992086,-0.053695284575137676
naca8304,0.4,4.5,0.2,1,4,35,-0.6441190674688989,-0.09566706012305441
naca8304,0.4,4.5,0.2,1,5,15,-0.5352940048339488,-0.038435862897122045
naca8304,0.4,4.5,0.2,1,5,25,-0.7739104845359921,-0.08507655733418186
naca8304,0.4,4.5,0.2,1,5,35,-1.0052095128381642,-0.1504909457220139
naca8304,0.4,4.5,0.2,1,6,15,-0.7702780776926161,-0.05636557017352011
naca8304,0.4,4.5,0.2,1,6,25,-1.113637434316899,-0.12344512472755358
naca8304,0.4,4.5,0.2,1,6,35,-1.4465802237052996,-0.2175119447440278
naca8304,0.4,4.5,0.4,0.2,3,15,-0.2646303829927397,0.02889412609185409
naca8304,0.4,4.5,0.4,0.2,3,25,-0.3826557165821637,-0.0008395151183005015
naca8304,0.4,4.5,0.4,0.2,3,35,-0.49233769064267713,-0.041716419565461606
naca8304,0.4,4.5,0.4,0.2,4,15,-0.434680204363593,0.01735154214017915
naca8304,0.4,4.5,0.4,0.2,4,25,-0.6271548208763165,-0.02876735870076537
naca8304,0.4,4.5,0.4,0.2,4,35,-0.8066972004707268,-0.09214404363145277
naca8304,0.4,4.5,0.4,0.2,5,15,-0.657303366599439,0.0015476726891847092
naca8304,0.4,4.5,0.4,0.2,5,25,-0.9458054932605339,-0.06523576672604836
naca8304,0.4,4.5,0.4,0.2,5,35,-1.216232743630705,-0.15749638678731578
naca8304,0.4,4.5,0.4,0.2,6,15,-0.9240573542645323,-0.019636599350472496
naca8304,0.4,4.5,0.4,0.2,6,25,-1.3291267444392287,-0.11210299807661614
naca8304,0.4,4.5,0.4,0.2,6,35,-1.7097658955702657,-0.2397017484639838
naca8304,0.4,4.5,0.4,0.6,3,15,-0.22453382584741896,-0.0121738760216264
naca8304,0.4,4.5,0.4,0.6,3,25,-0.3226388068201104,-0.03408029563680233
naca8304,0.4,4.5,0.4,0.6,3,35,-0.4153126507216759,-0.06432339296307737
naca8304,0.4,4.5,0.4,0.6,4,15,-0.3954140553711291,-0.02653219094690493
naca8304,0.4,4.5,0.4,0.6,4,25,-0.568024358129175,-0.06477050179698124
naca8304,0.4,4.5,0.4,0.6,4,35,-0.731496931560566,-0.11756400952454532
naca8304,0.4,4.5,0.4,0.6,5,15,-0.6157552627953574,-0.04503222589595593
naca8304,0.4,4.5,0.4,0.6,5,25,-0.8842707007038886,-0.10424502347542271
naca8304,0.4,4.5,0.4,0.6,5,35,-1.1389659454407248,-0.186045928690795
naca8304,0.4,4.5,0.4,0.6,6,15,-0.8844599332771398,-0.06783869668928186
naca8304,0.4,4.5,0.4,0.6,6,25,-1.2701680192743292,-0.1527274654511615
naca8304,0.4,4.5,0.4,0.6,6,35,-1.6363022260208948,-0.2699747213219889
naca8304,0.4,4.5,0.4,1,3,15,-0.22158856509116046,-0.016202158810855037
naca8304,0.4,4.5,0.4,1,3,25,-0.3182132308297439,-0.03750510924482387
naca8304,0.4,4.5,0.4,1,3,35,-0.4098605995736436,-0.06693299303628471
naca8304,0.4,4.5,0.4,1,4,15,-0.3926238844153554,-0.030705592517042715
naca8304,0.4,4.5,0.4,1,4,25,-0.56381849940501,-0.0683387413061808
naca8304,0.4,4.5,0.4,1,4,35,-0.7263808948685647,-0.12031618542010669
naca8304,0.4,4.5,0.4,1,5,15,-0.6125634367910708,-0.049385863643939404
naca8304,0.4,1.5,0.2,0.2,3,15,-1.5506954753873892,0.5447695815003321
naca8304,0.4,1.5,0.2,0.2,3,25,-2.2751898593522255,0.2851416863733291
